DOI,Title,Authors,Journal,Year,Abstract,ResearchRabbitId,Cited By,References,PubMedId
10.1016/J.JNUTBIO.2008.07.005,Polymorphisms of MRP2 (ABCC2) are associated with susceptibility to nonalcoholic fatty liver disease,"Silvia Sookoian, Gustavo Castaño, Tomas Fernández Gianotti, Carolina Gemma, Carlos J. Pirola",Journal of Nutritional Biochemistry,2009,"Abstract   Aims  We hypothesized that ABCC2 gene variants may contribute to susceptibility to nonalcoholic fatty liver disease (NAFLD). Additionally, we tested the hypothesis of a relation between gene variants and disease severity.    Patients and Methods  The study involved 167 individuals: 109 consecutively presenting unrelated patients with features of NAFLD and different stages of disease severity, and a group of 58 healthy individuals. Four tag single-nucleotide polymorphisms (SNPs; rs717620 A/G, rs2756105 C/T, rs2002042 C/T and rs3740066 A/G) representing 46 polymorphic sites (r2>.8) were genotyped. Furthermore, two additional SNPs (rs17222723 A/T and rs8187710 G/A) were included.    Results  On univariate analysis, after multiple comparison correction by permutation tests, there were significant differences observed in the allele frequencies of rs17222723 and rs8187710 between healthy individuals and NAFLD patients (empirical P=.037 and .035, respectively). Allelic odds ratios [95% confidence interval] for rs17222723 and rs8187710 were 2.80 [1.11–7.04] and 2.80 [1.11–7.04], respectively. When we tested the hypothesis of a relation between gene variants and the clinical and histological spectra of NAFLD by multinomial regression analysis, a significant association was observed with the same markers: rs17222723 (P=.0029) and rs8187710 (P=.015).    Conclusions  Our study suggests a potential role of ABCC2 in susceptibility to NAFLD and disease severity.",c6567918-9363-4f59-8b93-3fb550639caa,72,43,https://pubmed.ncbi.nlm.nih.gov/18926681
10.1038/LEU.2008.398,Analysis of the host pharmacogenetic background for prediction of outcome and toxicity in diffuse large B-cell lymphoma treated with R-CHOP21.,"Davide Rossi, Silvia Rasi, Silvia Franceschetti, Daniela Capello, Andrea Castelli, Lorenzo De Paoli, Antonio Ramponi, Annalisa Chiappella, Enrico Maria Pogliani, Umberto Vitolo, Ivo Kwee, Francesco Bertoni, Annarita Conconi, Gianluca Gaidano",Leukemia,2009,"Knowledge on the impact of pharmacogenetics in predicting outcome and toxicity in diffuse large B-cell lymphoma (DLBCL) is scant. We tested 106 consecutive DLBCL treated with R-CHOP21 for 19 single nucleotide polymorphisms (SNPs) from 15 genes potentially relevant to rituximab-CHOP (R-CHOP) pharmacogenetics. Associations of SNPs with event-free survival (EFS) and toxicity were controlled for multiple testing. Genotypic variants of nicotinamide adenine dinucleotide phosphate (NAD(P)H) oxidase p22phox (CYBA rs4673) and alpha1 class glutathione S-transferase (GSTA1 rs3957357) were independent predictors of EFS (CYBA rs4673 TT genotype: HR 2.06, P=0.038; GSTA1 rs3957357 CT/TT genotypes: HR 0.38, P=0.003), after adjusting for International Prognostic Index (IPI). CYBA rs4673 and GSTA1 rs3957357 also predicted outcome in DLBCL subgroups by IPI. Impact of SNPs on toxicity was evaluated in 658 R-CHOP21 courses utilizing generalized estimating equations. NCF4 rs1883112 was an independent predictor against hematologic (odds ratios (OR): 0.45; P=0.018), infectious (OR: 0.46; P=0.003) and cardiac toxicity (OR: 0.37; P=0.023). Overall, host SNPs affecting doxorubicin pharmacodynamics (CYBA rs4673) and alkylator detoxification (GSTA1 rs3957357) may predict outcome in R-CHOP21-treated DLBCL. Also, NCF4 rs1883112, a SNP of NAD(P)H oxidase p40phox, may have a function in protecting against hematologic and nonhematologic toxicity. These results highlight the need to improve characterization of the host genetic background for a better prognostication of DLBCL.",6f578576-bcce-4bc0-bafe-5d9eb3928784,138,48,https://pubmed.ncbi.nlm.nih.gov/19448608
(missing DOI),MP214 CLINICOPATHOLOGIC CHARACTERISTICS AND OUTCOMES OF MPGN: A RETROSPECTIVE STUDY OF 34 CASES BASED ON NEW CLASSIFICATION,"K Kawashima, S Nishio, K Watanabe…",Nephrology Dialysis …,2017,Abstracts Page 1 not significantly different between IgAN patients progressed and not progressed to kidney failure (12986981 vs 165561505 lM). Serum AOPP levels were significantly …,ga_6,0,0,(missing PubMedId)
10.1038/S41391-025-00964-X,"The association between statin use, genetic variation, and prostate cancer risk","Ali Amiri,  Wei Xu,  Qihuang Zhang,  Jae Ho Jeong,  Stephen J. Freedland,  Neil Fleshner,  Antonio Finelli,  Robert J. Hamilton",Prostate Cancer and Prostatic Diseases,2025,(missing abstract),fb2235da-eb31-4118-9e01-5f7b6111c78c,6,40,https://pubmed.ncbi.nlm.nih.gov/40195554
(missing DOI),"The association between single nucleotide polymorphisms, including miR-499a genetic variants, and dyslipidemia in subjects treated with pharmacological or …","A Giuliani, A Montesanto, G Matacchione…",International journal of …,2022,Disorders of lipoprotein metabolism are among the major risk factors for cardiovascular disease (CVD) development. Single nucleotide polymorphisms (SNPs) have been associated …,ga_7,0,0,(missing PubMedId)
10.1016/J.JMOLDX.2014.11.005,Report of New Haplotype for ABCC2 Gene: rs17222723 and rs8187718 in cis,"Victoria M Pratt, Brittany N. Beyer, Daniel L. Koller, Todd C Skaar, David A. Flockhart, Kenneth D. Levy, Gail H. Vance",The Journal of Molecular Diagnostics,2015,"The ATP-binding cassette, subfamily C [CFTR/MRP], member 2 (ABCC2) gene is a member of the ATP-binding cassette transporters and is involved in the transport of molecules across cellular membranes. Substrates transported by ABCC2 include antiepileptics, statins, tenofovir, cisplatin, irinotecan, and carbamazepine. Because of the pharmacogenomics implications, we developed a clinical laboratory–developed assay to test for seven variants in the ABCC2 gene: c.3563T>A (p.V1188E, rs17222723), c.1249G>A (p.V417I, rs2273697), c.3972C>T (p.I1324I, rs3740066), c.2302C>T (p.R768W, rs56199535), c.2366C>T (p.S789F, rs56220353), c.-24C>T (5′UTR, rs717620), and c.4544G>A (p.C1515Y, rs8187710). During the validation process, we noted several DNA samples, obtained from the Coriell Cell Repository, that contained both c.3563T>A, c.4544G>A, and a third variant, suggesting that c.3563T>A and c.4544G>A are in cis on the chromosome in some individuals. We obtained DNA samples from a trio (father, mother, and child), tested their ABCC2 variants, and confirmed that c.3563T>A and c.4544G>A were in cis on the same chromosome. Here, we report a new haplotype in ABCC2.",7c7f54ef-1ce6-41e9-9424-a8ad206fe411,5,25,https://pubmed.ncbi.nlm.nih.gov/25554586
10.1002/PHAR.4638,Evaluation of methotrexate Pharmacogenomic variation to predict acute neurotoxicity in children with acute lymphoblastic leukemia.,"Rachel D. Harris, Olga A. Taylor, M Monica Gramatges, Amy E. Hughes, Mark Zobeck, Sandi L. Pruitt, M. Brooke Bernhardt, Ashley Chavana, Van Huynh, Kathleen F. Ludwig, Laura J. Klesse, Kenneth Heym, Timothy C. Griffin, Rodrigo Eraña, Juan Carlos Bernini, A. Choi, Yoshiyuki Ohno, Melissa A. Richard, Alanna C. Morrison, Han Chen, Bing Yu, Philip J. Lupo, Karen R Rabin, Michael E. Scheurer, Austin L. Brown",Pharmacotherapy The Journal of Human Pharmacology and Drug Therapy,2024,"BACKGROUND
Methotrexate is an important component of curative therapy in childhood acute lymphoblastic leukemia (ALL), but the role of genetic variation influencing methotrexate clearance and transport in toxicity susceptibility in children with ALL is not well established. Therefore, we evaluated the association between suspected methotrexate pharmacogenomic variants and methotrexate-related neurotoxicity.


METHODS
This study included children (aged 2-20 years) diagnosed with ALL (2005-2019) at six treatment centers in the southwest United States. Clinical information was abstracted from medical records. Suspected neurotoxic events occurring within 21 days of intravenous and/or intrathecal methotrexate delivered between the end of induction and start of maintenance therapy were independently reviewed by at least two pediatric oncologists. Germline DNA was genotyped and 97 methotrexate pharmacogenomic variants of interest with at least grade 3 evidence were identified using the Pharmacogenomics Knowledge Base. Associations between variants and neurotoxicity were assessed by logistic regression. Data were randomly split (80/20) and random forest was constructed to estimate the ability of the variants to correctly classify neurotoxicity.


RESULTS
Of the 763 patients included in the study, 8.2% (n = 63) developed methotrexate-associated neurotoxicity. In logistic models, none of the 97 available pharmacogenomic variants reached adjusted statistical significance. However, two variants, rs17222723 (odds ratio [OR] = 2.83 [ref. = T allele], 95% confidence interval [CI]: 1.20-6.15) in ABCC2 and rs1045642 (OR = 0.66 [ref. = minor A allele], 95% CI: 0.44-0.98) in ABCB1, were nominally associated (p-value < 0.05) with neurotoxicity susceptibility. The addition of pharmacogenomic variants did not improve the predictive performance of random forest model (AUC = 0.73) compared to clinical information alone (AUC = 0.74).


CONCLUSION
Overall, our results suggest that associations between neurotoxicity susceptibility and methotrexate pharmacogenomic variants are generally modest and these variants do not significantly improve neurotoxicity risk stratification among children with ALL.",f44a5670-6ef8-4ff2-a269-dfb7ff77becb,3,40,https://pubmed.ncbi.nlm.nih.gov/39734275
10.1016/J.JHEP.2007.08.015,Association of the multidrug-resistance-associated protein gene (ABCC2) variants with intrahepatic cholestasis of pregnancy.,"Silvia Sookoian, Gustavo Castaño, Adriana L. Burgueño, Tomas Fernández Gianotti, Carlos J. Pirola",Journal of Hepatology,2008,"Background/Aims  We hypothesized that common genetic variation at  ABCC2  influences ICP susceptibility. Hence we studied the association of single nucleotide polymorphisms (SNPs) of promoter, coding and non-coding regions of  ABCC2  and intrahepatic cholestasis of pregnancy (ICP).  Methods  70 ICP patients and 112 healthy pregnant women in the third trimester of their pregnancies were included in a cross sectional study. Four tag SNPs (rs717620 A/G; rs2756105 C/T; rs2002042 C/T; rs3740066 A/G) encompassing 70 kb in chr.10 and representing 46 polymorphic sites ( r  2 >0.8) were genotyped. Besides, 2 additional SNPs (rs17222723 A/T and rs8187710 G/A) were included.  Results  In univariate analysis, rs2002042 and rs3740066 were significantly associated with ICP ( p  p  ABCC2  gene in ICP patients significantly differed from controls ( p   Conclusions  We found an association between the rs3740066 in exon 28 of  ABCC2  gene and ICP. The risk of disease for homozygous AA carriers is 4-fold higher (OR 4.44 CI 95% 1.83–10.78,  p",1710971f-5c55-4124-a97a-b5f59cda2740,113,47,https://pubmed.ncbi.nlm.nih.gov/17997497
10.1002/CAM4.625,Testing of candidate single nucleotide variants associated with paclitaxel neuropathy in the trial NCCTG N08C1 (Alliance).,"Ganesh K. Boora, Rahul Kanwar, Amit Kulkarni, Alexej Abyzov, Jeff A. Sloan, Kathryn J. Ruddy, Michaela S. Banck, Charles L. Loprinzi, Andreas S. Beutler",Cancer Medicine,2016,"Paclitaxel-induced peripheral neuropathy (PIPN) cannot be predicted from clinical parameters and might have a pharmacogenomic basis. Previous studies identified single nucleotide variants (SNV) associated with PIPN. However, only a subset of findings has been confirmed to date in more than one study, suggesting a need for further re-testing and validation in additional clinical cohorts. Candidate PIPN-associated SNVs were identified from the literature. SNVs were retested in 119 patients selected by extreme phenotyping from 269 in NCCTG N08C1 (Alliance) as previously reported. SNV genotyping was performed by a combination of short-read sequencing analysis and Taqman PCR. These 22 candidate PIPN SNVs were genotyped. Two of these, rs7349683 in the EPHA5 and rs3213619 in ABCB1 were found to be significantly associated with PIPN with an Odds ratios OR = 2.07 (P = 0.02) and OR = 0.12 (P = 0.03), respectively. In addition, three SNVs showed a trend toward a risk- or protective effect that was consistent with previous reports. The rs10509681 and rs11572080 in the gene CYP2C8*3 showed risk effect with an OR = 1.49 and rs1056836 in CYP1B1 showed a protective effect with an OR = 0.66. None of the other results supported the previously reported associations, including some SNVs displaying an opposite direction of effect from previous reports, including rs1058930 in CYP2C8, rs17222723 and rs8187710 in ABCC2, rs10771973 in FGD4, rs16916932 in CACNB2 and rs16948748 in PITPNA. Alliance N08C1 validated or supported a minority of previously reported SNV-PIPN associations. Associations previously reported by multiple studies appeared to have a higher likelihood to be validated by Alliance N08C1.",03c2d18d-007f-4ab8-ac38-779a3330982d,58,34,https://pubmed.ncbi.nlm.nih.gov/26763541
10.3748/WJG.14.2126,Role of ABCC2 common variants in intrahepatic cholestasis of pregnancy,"Silvia Sookoian, Gustavo Castaño, Carlos J. Pirola",World Journal of Gastroenterology,2008,"The pathogenesis of intrahepatic cholestasis of pregnancy (ICP), a disorder that adversely affects maternal wellbeing and fetal outcome, is unclear. However, multiple factors probably interact along with a genetic predisposition. We would like to add some comments on a paper recently published concerning the role of ABCB11 and ABCC2 polymorphisms in both ICP and contraceptive-induced cholestasis, especially in the light of our recently published findings about a positive association between ICP and ABCC2 common variants.",6f30f66e-cf2b-4abd-85f3-7715a803ca5e,9,5,https://pubmed.ncbi.nlm.nih.gov/18395921
10.1182/BLOOD.V120.21.1613.1613,Treatment of Aggressive B-Cell Lymphoma in the Elderly: The Influence of SNPs Affecting Pharmacodynamics Is Different Compared to Younger Patient,"Thomas Melchardt, Lukas Weiss, Clemens Hufnagl, Daniel Neureiter, Ralf Kemmerling, Patrick Morre, Ann Boekstegers, Georg Hopfinger, Richard Greil, Alexander Egle",Blood,2012,"Abstract   Abstract 1613    Background:  Elderly patients with aggressive B-cell lymphoma are underrepresented in almost all clinical trials and treatment related toxicity mainly due to anthracycline treatment is a major concern. Individual pharmacogenetic settings may influence the prognosis due to altered efficacy and treatment related toxicity. Several single nucleotide polymorphisms (SNPs) involved in metabolization of chemotherapeutic agents have been proposed to influence the clinical course of disease in younger patients. However, no data are available in elderly patients.    Methods:  We retrospectively analyzed and characterized 83 consecutively diagnosed patients ≥75 years with aggressive B-cell lymphoma (78 cases of diffuse large B-cell lymphoma and 5 cases of follicular lymphoma grade 3) from January 2004 until December 2011 treated at our tertiary cancer center by chart-based review. DNA was extracted from diagnostic tissue samples and analysis for 10 SNPs with previously reported effect on pharmacodynamics of components of the CHOP regimen were performed with commercially available primers (rs1883112 NCF4, rs3957357 GSTA1, rs4673 CYBA, rs1799977 MLH1, rs1045642 ABCB1, rs9024 CBR1, rs1695 GSTP1, rs17222723 ABCC2, rs7853758 SLC28A3, rs1056892 CBR3).    Results:  The entire cohort of 83 patients had a median age of 80 years (range 75–97 years) and 43 of 83 patients were male. Based on clinical judgment of fitness 82% of all patients received a combination of anthracycline and rituximab based therapy. The median overall survival (OS) in all patients was 43 months. Unsurprisingly, patients deemed eligible for a treatment with an anthracycline and rituximab had a better median OS than patients not eligible for this approach (54 vs 6 months p 80 years of age (54 vs 55 months, Figure A) or with a CI ≤ 1 or CI ≥1 (43 vs 59 months).  Tissue samples were available for 97% of these patients, which were used for DNA extraction and SNP analyses. Pharmacogenetic testing of 10 SNPs was performed as described before. The AA genotype of CBR 3 suggesting lower risk for anthracycline related cardiomyopathy or the GG genotype of MLH 1, which influences the mismatch repair system and the promotion of apoptosis e.g. triggered by chemotherapy, was found in 15 of 65 (23%) patients. Patients with either of these genotypes had a better median OS (30 months vs not reached p=0.01, Figure B). In multivariate analysis this benefit remained significant. Additional significant factors were an age-adjusted IPI ≤ 1 and a cumulative dosage of doxorubicin higher than 200mg/m2. The latter is likely a surrogate for overall tolerability of chemotherapy and no early progression.    Discussion:  Given the encouraging OS data of our unselected cohort we think that elderly patients with aggressive B-cell lymphoma should be offered curative immunochemotherapy with an anthracycline regardless of age taking into account severe comorbidities. We could further show that CBR3 and MLH1 polymorphism had an impact on the OS of these patients. The favorable CBR3 A/A genotype suggests the generation of a lower level of the cardiotoxic compound doxorubicinol after doxorubicin treatment in these patients, who are likely to be more prone to anthracycline-caused toxicity than younger patients. The impact of the MLH1 genotype indeed seems to be changed in elderly compared to younger patients, where the A/A genotype is associated with a better OS in patients treated with R-CHOP. The favorable impact of the G/G phenotype in elderly patients may be caused by a lower susceptibility to apoptosis induction in the healthy tissue. Thus, the meaning of pharmacogenetic markers may be substantially different between the young and the elderly due to the different impact of toxicity and efficacy in these populations. Based on these results a subgroup with exceptionally good OS may be defined for this age.        Download :  Download high-res image (26KB)       Download :  Download full-size image                Download :  Download high-res image (27KB)       Download :  Download full-size image            Disclosures:  Melchardt: Roche: Honoraria, Speakers Bureau; GSK: Research Funding; Ratiopharm: Research Funding. Weiss: Roche: Honoraria. Greil: Roche: Honoraria, Research Funding, Speakers Bureau; GSK: Research Funding; Ratiopharm: Research Funding. Egle: Roche: Honoraria, Research Funding, Speakers Bureau; GSK: Research Funding; Ratiopharm: Honoraria, Research Funding.",f296f198-90b3-4504-9bf0-d9af34273dbc,0,0,(missing PubMedId)
(missing DOI),MDR-1 and MRP2 gene polymorphisms in Mexican epileptic pediatric patients with complex partial seizures,"D Escalante-Santiago, IA Feria-Romero…",Frontiers in …,2014,"Although the Pgp efflux transport protein is overexpressed in resected tissue of patients with epilepsy, the presence of polymorphisms in MDR1/ABCB1 and MRP2/ABCC2 in patients …",ga_8,0,0,(missing PubMedId)
(missing DOI),Pharmacokinetics and pharmacogenomics of mycophenolic acid and its clinical correlations in maintenance immunosuppression for lupus nephritis,"DYH Yap, CH Tam, S Yung, S Wong…",Nephrology Dialysis …,2020,Background There is little data on mycophenolic acid (MPA) pharmacokinetics and pharmacogenomics and optimal MPA exposure in lupus nephritis (LN) patients during long-term …,ga_0,0,0,(missing PubMedId)
(missing DOI),"Impact of SLCO1B3 rs4149117, CYP2C8 rs11572080, and ABCC2 rs17222723 Polymorphisms on Toxicity and Clinical Outcomes in AC-T Treated Breast Cancer …","MS Millat, MS Islam, MS Islam - 2026 - researchsquare.com",(missing journal),(missing year),"… rs17222723 and treatment non-responsiveness, suggesting that the impact of rs17222723 within … Focusing on toxicity, there is a clear correlation with the ABCC2 rs17222723 variant, as …",ga_1,0,0,(missing PubMedId)
(missing DOI),Mycophenolic acid pharmacokinetics and pharmacogenomics in lupus nephritis patients on maintenance immunosuppression,"YHD Yap, S Yung, CH Tam, S Wong…",54th ERA-EDTA …,2017,INTRODUCTION AND AIMS: There is little data on mycophenolic acid (MPA) pharmacokinetics and pharmacogenomics in lupus nephritis (LN) patients on long-term maintenance …,ga_2,0,0,(missing PubMedId)
10.1093/HMG/DDAA134,Pharmacogenomics Meets Precision Cardio-Oncology: Is there synergistic potential?,"Jennifer Hockings, Jessica A. Castrillon, Feixiong Cheng",Human Molecular Genetics,2020,"An individual's inherited genetic make-up and acquired genomic variants may account for a significant portion of observable variability in therapy efficacy and toxicity. Pharmacogenomics (PGx) is the concept that treatments can be modified to account for these differences to increase chances of therapeutic efficacy while minimizing risk of adverse effects. This is particularly applicable to oncology in which treatment may be multi-modal. As each tumor type has a unique genomic signature that lends to inclusion of targeted therapy but treatment options may be associated with cumulative toxicity, such as cardiotoxicity, that can impact quality of life. A greater understanding of therapeutic agents impacted by PGx and subsequent implementation has the potential to improve outcomes and reduce risk of drug-induced adverse effects.",4e31b4cf-00d2-4663-a1ce-231394ea7f6a,4,117,https://pubmed.ncbi.nlm.nih.gov/32601683
(missing DOI),MP214 CLINICOPATHOLOGIC CHARACTERISTICS AND OUTCOMES OF MPGN: A RETROSPECTIVE STUDY OF 34 CASES BASED ON NEW CLASSIFICATION,"K Kawashima, S Nishio, K Watanabe…",Nephrology Dialysis …,2017,Abstracts Page 1 not significantly different between IgAN patients progressed and not progressed to kidney failure (12986981 vs 165561505 lM). Serum AOPP levels were significantly …,ga_3,0,0,(missing PubMedId)
10.3390/PHARMACEUTICS10030093,New ABCC2 rs3740066 and rs2273697 Polymorphisms Identified in a Healthy Colombian Cohort,"Rosa-Helena Bustos, Luis Rafael Martínez, Julio César García Casallas, George E. Barreto, Fernando Suárez‐Obando",Pharmaceutics,2018,"Multidrug resistance-associated proteins (MRP) 1 and 2 belong to the ABC (ATP-Binding Cassette) transporters. These transport proteins are involved in the removal of various drugs and xenobiotics, as well as in multiple physiological, pathological, and pharmacological processes. There is a strong correlation between different polymorphisms and their clinical implication in resistance to antiepileptic drugs, anticancer, and anti-infective agents. In our study, we evaluated exon regions of MRP1 (ABCC1)/MRP2 (ABCC2) in a Colombian cohort of healthy subjects to determine single nucleotide polymorphisms (SNPs) and to determine the allelic and genomic frequency. Results showed there are SNPs in our population that have been previously reported for both MRP1/ABCC1 (rs200647436, rs200624910, rs150214567) and MRP2/ABCC2 (rs2273697, rs3740066, rs142573385, rs17216212). Additionally, 13 new SNPs were identified. Evidence also shows a significant clinical correlation for polymorphisms rs3740066 and rs2273697 in the transport of multiple drugs, which suggests a genetic variability in regards to that reported in other populations.",e77d3e5f-8c1e-4acd-8146-32cde528fcad,7,41,https://pubmed.ncbi.nlm.nih.gov/30018187
10.3390/IJMS21082714,MTHFR and VDR Polymorphisms Improve the Prognostic Value of MYCN Status on Overall Survival in Neuroblastoma Patients.,"Gladys Olivera, Yania Yáñez, Pablo Gargallo, Luis Sendra, Salvador F. Aliño, Vanessa Segura, Miguel Á. Sanz, Adela Cañete, Victoria Castel, Jaime Font de Mora, David Hervás, Pablo Berlanga, Marí­a José Herrero",International Journal of Molecular Sciences,2020,"Single nucleotide polymorphisms (SNPs) in Pharmacogenetics can play an important role in the outcomes of the chemotherapy treatment in Neuroblastoma, helping doctors maximize efficacy and minimize toxicity. Employing AgenaBioscience MassArray, 96 SNPs were genotyped in 95 patients looking for associations of SNP with response to induction therapy (RIT) and grade 3–4 toxicities, in High Risk patients. Associations of SNPs with overall (OS) and event-free (EFS) survival in the whole cohort were also explored. Cox and logistic regression models with Elastic net penalty were employed. Association with grade 3–4 gastrointestinal and infectious toxicities was found for 8 different SNPs. Better RIT was correlated with rs726501 AG, rs3740066 GG, rs2010963 GG and rs1143684 TT (OR = 2.87, 1.79, 1.23, 1.14, respectively). EFS was affected by rs2032582, rs4880, rs3814058, rs45511401, rs1544410 and rs6539870. OS was influenced by rs 1801133, rs7186128 and rs1544410. Remarkably, rs1801133 in MTHFR (p = 0.02) and rs1544410 in VDR (p = 0.006) also added an important predictive value for OS to the MYCN status, with a more accurate substratification of the patients. Although validation studies in independent cohorts will be required, the data obtained supports the utility of Pharmacogenetics for predicting Neuroblastoma treatment outcomes.",1ca146c9-5d80-4b35-8ecd-fb809dfba4e6,14,45,https://pubmed.ncbi.nlm.nih.gov/32295184
(missing DOI),"The association between single nucleotide polymorphisms, including miR-499a genetic variants, and dyslipidemia in subjects treated with pharmacological or …","A Giuliani, A Montesanto, G Matacchione…",International journal of …,2022,Disorders of lipoprotein metabolism are among the major risk factors for cardiovascular disease (CVD) development. Single nucleotide polymorphisms (SNPs) have been associated …,ga_4,0,0,(missing PubMedId)
10.1007/S12325-022-02378-W,Loss of Function ABCG2 c.421C>A (rs2231142) Polymorphism Increases Steady-State Exposure to Mycophenolic Acid in Stable Renal Transplant Recipients: An Exploratory Matched Cohort Study,"A Ana Borić-Bilušić, Nada Božina, Zdenka Lalić, Mila Lovrić, Sandra Nađ-Škegro, Luka Penezić, Karmela Barišić, Vladimir Trkulja",Advances in Therapy,2022,"IntroductionPolymorphism ABCG2 c.421C>A (rs2231142) results in reduced activity of the important drug efflux transporter breast cancer-resistance protein (BCRP/ABCG2). One study has suggested that it may affect enterohepatic recirculation of mycophenolic acid (MPA). We evaluated the effect of rs2231142 on steady-state exposure to MPA in renal transplant recipients.MethodsConsecutive, stable adult (age ≥ 16 years) renal transplant recipients on standard MPA-based immunosuppressant protocols (N = 68; 43 co-treated with cyclosporine, 25 with tacrolimus) underwent routine therapeutic drug monitoring after a week of initial treatment, and were genotyped for ABCG2 c.421C>A and 11 polymorphisms in genes encoding enzymes and transporters implicated in MPA pharmacokinetics. ABCG2 c.421C>A variant versus wild-type (wt) patients were matched with respect to demographic, biopharmaceutic, and genetic variables (full optimal combined with exact matching) and compared for dose-adjusted steady-state MPA pharmacokinetics [frequentist and Bayes (skeptical neutral prior) estimates of geometric means ratios, GMR].ResultsRaw data (12 variant versus 56 wt patients) indicated around 40% higher total exposure (frequentist GMR = 1.45, 95% CI 1.10–1.91; Bayes = 1.38, 95% CrI 1.07–1.81) and around 30% lower total body clearance (frequentist GMR = 0.66, 0.58–0.90; Bayes = 0.71, 0.53–0.95) in variant carriers than in wt controls. The estimates were similar in matched data (11 variant versus 43 wt patients): exposure GMR = 1.41 (1.11–1.79) frequentist, 1.39 (1.15–1.81) Bayes, with 90.7% and 85.5% probability of GMR > 1.20, respectively; clearance GMR = 0.73 (0.58–0.93) frequentist, 0.71 (0.54–0.95) Bayes. Sensitivity analysis indicated low susceptibility of the estimates to unmeasured confounding.ConclusionsLoss-off-function polymorphism ABCG2 c.421C>A increases steady-state exposure to MPA in stable renal transplant patients.",3a5a1c76-5efb-4478-8229-6d0bed3916e7,13,56,https://pubmed.ncbi.nlm.nih.gov/36434147
10.1038/CLPT.2011.346,Human Pregnane X Receptor Genotype of the Donor but Not of the Recipient Is a Risk Factor for Delayed Graft Function After Renal Transplantation,"I. A. Hauser, Stephan Kruck, Stefan Gauer, Anne T. Nies, Stefan Winter, Jens Bedke, Helmut Geiger, H. Hoefeld, Johannes Kleemann, Aida Asbe‐Vollkopf, J. Engel, Oliver Burk, Matthias Schwab, Elke Schaeffeler",Clinical Pharmacology & Therapeutics,2012,"Delayed graft function (DGF) is an important complication in renal transplantation, contributing significantly to decrease in long-term allograft survival. In addition to donor- and recipient-related risk factors such as immunosuppression, altered renal excretion of xenobiotics by membrane transporters may influence DGF. Using DNA samples from recipients and donors, we assessed the impact on DGF of genetic variants in P-glycoprotein (ABCB1), multidrug resistance protein 2 (ABCC2), and the nuclear pregnane X receptor (PXR/NR1I2), which regulates the transcription of enzymes and transporters. In our local cohort of renal transplant recipients (n = 178), DGF occurred in 27.5%. The PXR 8055TT genotype of the donor only (not of the recipient) was significantly associated with an increased risk for DGF. This finding emerged from univariate as well as multivariate logistic regression analysis including 16 nongenetic factors and held true after correction for multiple testing. Our findings provide the first evidence that PXR may be associated with risk of DGF, independent of previously identified risk factors.    Clinical Pharmacology & Therapeutics (2012); 91 5, 905–916. doi:10.1038/clpt.2011.346",84792fd1-8a72-4011-96ae-1f650c083d8e,20,62,https://pubmed.ncbi.nlm.nih.gov/22453193
10.1002/MGG3.168,Genetic analysis of nonalcoholic fatty liver disease within a Caribbean–Hispanic population,"Deborah Edelman, Harmit Kalia, Maria Delio, Mustafa Alani, Karthik Krishnamurthy, Mortadha Abd, Adam Auton, Tao Wang, Allan W. Wolkoff, Bernice E. Morrow",Molecular Genetics & Genomic Medicine,2015,"We explored potential genetic risk factors implicated in nonalcoholic fatty liver disease (NAFLD) within a Caribbean–Hispanic population in New York City. A total of 316 individuals including 40 subjects with biopsy‐proven NAFLD, 24 ethnically matched non‐NAFLD controls, and a 252 ethnically mixed random sampling of Bronx County, New York were analyzed. Genotype analysis was performed to determine allelic frequencies of 74 known single‐nucleotide polymorphisms (SNPs) associated with NAFLD risk based on previous genome‐wide association study (GWAS) and candidate gene studies. Additionally, the entire coding region of PNPLA3, a gene showing the strongest association to NAFLD was subjected to Sanger sequencing. Results suggest that both rare and common DNA variations in PNPLA3 and SAMM50 may be correlated with NAFLD in this small population study, while common DNA variations in CHUK and ERLIN1, may have a protective interaction. Common SNPs in ENPP1 and ABCC2 have suggestive association with fatty liver, but with less compelling significance. In conclusion, Hispanic patients of Caribbean ancestry may have different interactions with NAFLD genetic modifiers; therefore, further investigation with a larger sample size, into this Caribbean–Hispanic population is warranted.",f28c4a9c-53ff-450f-b76b-640e57ec97f6,20,111,https://pubmed.ncbi.nlm.nih.gov/26740948
10.22541/AU.174780370.05297938/V1,Genetic variants associated with oral mucositis in pediatric patients with acute lymphoblastic leukemia and lymphoma undergoing chemotherapy.,"Luísa Comerlato Jardim,  Mariana Rodrigues Botton,  Marina Curra,  Amanda de Farias Gabriel,  Stéfanie Thieme,  Renata de Albuquerque Cavalcanti Almeida,  Marco Antônio Trevizani Martins,  Úrsula da Silveira Matte,  André T. Brunetto,  Lauro José Gregianin,  Rafael Roesler,  Marina Siebert,  Manoela Domingues Martins",(missing journal),2025,(missing abstract),71733e07-279d-43ab-a7c0-bc4b3303960b,0,0,(missing PubMedId)
10.20517/CDR.2024.10,Validation of single nucleotide polymorphisms potentially related to R-CHOP resistance in diffuse large B-cell lymphoma patients,"Gabriele Perrone, Luigi Rigacci, Giandomenico Roviello, Ida Landini, Alberto Fabbri, Lorenzo Iovino, Benedetta Puccini, Emanuele Cencini, Enrico Orciuolo, Monica Bocchia, Alberto Bosi, Enrico Mini, Stefania Nobili",Cancer Drug Resistance,2024,"Aim: Diffuse large B-cell lymphoma (DLBCL) is the most common B-cell non-Hodgkin lymphoma (NHL). Despite the availability of clinical and molecular algorithms applied for the prediction of prognosis, in up to 30%-40% of patients, intrinsic or acquired drug resistance occurs. Constitutional genetics may help to predict R-CHOP resistance. This study aimed to validate previously identified single nucleotide polymorphisms (SNPs) in the literature as potential predictors of R-CHOP resistance in DLBCL patients, SNPs. Methods: Twenty SNPs, involved in R-CHOP pharmacokinetics/pharmacodynamics or other pathobiological processes, were investigated in 185 stage I-IV DLBCL patients included in a multi-institution pharmacogenetic study to validate their previously identified correlations with resistance to R-CHOP. Results: Correlations between rs2010963 (VEGFA gene) and sex (P = 0.046), and rs1625895 (TP53 gene) and stage (P = 0.003) were shown. After multivariate analyses, a concordant effect (i.e., increased risk of disease progression and death) was observed for rs1883112 (NCF4 gene) and rs1800871 (IL10 gene). When patients were grouped according to the revised International Prognostic Index (R-IPI), both these SNPs further discriminated progression-free survival (PFS) and overall survival (OS) of the R-IPI-1-2 subgroup. Overall, patients harboring the rare allele showed shorter PFS and OS compared with wild-type patients. Conclusions: Two out of the 20 study SNPs were validated. Thus, these results support the role of previously identified rs1883112 and rs1800871 in predicting DLBCL resistance to R-CHOP and highlight their ability to further discriminate the prognosis of R-IPI-1-2 patients. These data point to the need to also focus on host genetics for a more comprehensive assessment of DLBCL patient outcomes in future prospective trials.",9e8774af-ae86-4f66-a760-9abd75ba0d5b,3,85,https://pubmed.ncbi.nlm.nih.gov/38835350
10.1182/BLOOD-2024-200891,Evaluation of Methotrexate Pharmacogenomic Variants to Predict Acute Neurotoxicity in Children with Acute Lymphoblastic Leukemia,"Austin L. Brown, Rachel Harris, Olga A. Taylor, Mark Zobeck, M. Brooke Bernhardt, Maria Monica Monica Gramatges, Ashley Chavana, Alanna C. Morrison, Kathleen F. Ludwig, Laura J. Klesse, Kenneth Heym, Timothy C. Griffin, Rodrigo Eraña, Juan Carlos Bernini, Han Chen, Bing Yu, Melissa A. Richard, Philip J. Lupo, Karen R Rabin, Michael E. Scheurer",Blood,2024,"
 
 Background: Methotrexate is an important component of curative therapy in childhood acute lymphoblastic leukemia (ALL), but exposure to intrathecal (IT) and intravenous (IV) methotrexate results in acute neurotoxicity in approximately 10% of patients. While methotrexate-related neurotoxicity is a significant source of morbidity in children with ALL and potentially compromises treatment efficacy, little is known about factors impacting susceptibility. While numerous pharmacogenomics variants have been implicated in methotrexate efficacy, toxicity, and pharmacokinetics, the role of these variants in neurotoxicity susceptibility in children with ALL is not well-established. Therefore, we evaluated the association between suspected methotrexate pharmacogenomic variants and methotrexate-related neurotoxicity in a multi-institutional cohort of children treated for ALL.
 Methods: This study included children (age <20 years) diagnosed with ALL (2005-2019) at six treatment centers in the southwest US. Clinical information was abstracted from medical records. Suspected neurotoxic events occurring within 21 days of IT and/or IV methotrexate delivered between the end of induction and start of maintenance therapy were independently reviewed by at least two pediatric oncologists. Germline DNA was extracted and genotyped using the Illumina Infinium Global Screening Array. A total of 97 annotated methotrexate pharmacogenomic variants with at least grade 3 evidence were identified using the Pharmacogenomics Knowledge Base (PharmGKB). Associations between variants and neurotoxicity were assessed by logistic regression to estimate odds ratios (ORs) and corresponding 95% confidence intervals (CI). The cohort was randomly split (80/20) and random forest was constructed with downsampling and 5-repeat, 10-fold cross validation to estimate the ability of the variants to correctly classify neurotoxicity compared to a clinical model considering sex, race, ethnicity, and age alone.
 Results: A total of 763 eligible patients were evaluated. The population was 46% female, 57.5% Latino, and diagnosed at a mean age of 7 years. Overall, 8.2% (n=63) developed methotrexate-associated neurotoxicity. Most cases presented with stroke-like symptoms (n=41), followed by seizures (n=12), tremors/numbness (n=4), altered mental status (n=4), syncopal episodes (n=1), or aphasia (n=1). Older age at diagnosis (OR=1.21 per year, 95% CI: 1.15-1.28) and Latino ethnicity (OR=2.11, 95% CI: 1.73-2.07) were independently associated with an increased likelihood of neurotoxicity. In logistic models, none of the 97 available pharmacogenomic variants reached statistical significance after correcting for multiple comparisons, but two variants, rs17222723 in ABCC2 (OR=2.83, 95% CI: 1.20-6.15) and rs1045642 in ABCB1(OR=0.66, 95% CI: 0.44-0.98), were nominally associated (p-value<0.05) with neurotoxicity susceptibility. A random forest model that incorporated pharmacogenomic variants in addition to clinical factors (AUC=0.73, sensitivity=0.69, specificity=0.65) did not perform significantly better than a model that considered clinical factors alone (AUC=0.74, sensitivity=0.70, specificity=0.65).
 Conclusion: This study is among the largest to evaluate pharmacogenomic predictors of methotrexate-related neurotoxicity among children with ALL. Overall, our study confirmed Latino ethnicity and older age as risk factors for neurotoxicity, and demonstrated that, while some annotated methotrexate pharmacogenomic variants may be modestly associated with neurotoxicity susceptibility, these variants contributed relatively little to overall neurotoxicity risk among children with ALL. These findings suggest that additional factors beyond currently identified pharmacogenomic variants may impact methotrexate-related neurotoxicity among children diagnosed with ALL. Specifically, these results underscore the need to identify novel genetic and non-genetic factors associated with neurotoxicity susceptibility following methotrexate chemotherapy, particularly among highly vulnerable populations such as Latino children with ALL.
",99343a4b-8516-490f-ae33-27768bc7295b,3,0,(missing PubMedId)
10.1038/TPJ.2013.13,"Higher frequency of genetic variants conferring increased risk for ADRs for commonly used drugs treating cancer, AIDS and tuberculosis in persons of African descent.","Folefac Aminkeng, Colin J. Ross, Shahrad R. Rassekh, Liam R. Brunham, Johanna Sistonen, Marie‐Pierre Dubé, Muntaser E. Ibrahim, Thomas Nyambo, Sabah A. Omar, Alain Froment, Jean-Marie Bodo, Sarah A. Tishkoff, Bruce Carleton, Michael R. Hayden",Pharmacogenomics Journal,2014,"There is established clinical evidence for differences in drug response, cure rates and survival outcomes between different ethnic populations, but the causes are poorly understood. Differences in frequencies of functional genetic variants in key drug response and metabolism genes may significantly influence drug response differences in different populations. To assess this, we genotyped 1330 individuals of African (n=372) and European (n=958) descent for 4535 single-nucleotide polymorphisms in 350 key drug absorption, distribution, metabolism, elimination and toxicity genes. Important and remarkable differences in the distribution of genetic variants were observed between Africans and Europeans and among the African populations. These could translate into significant differences in drug efficacy and safety profiles, and also in the required dose to achieve the desired therapeutic effect in different populations. Our data points to the need for population-specific genetic variation in personalizing medicine and care.",4bc2e991-a0f6-4fa6-8ca8-eaf5c89fcf29,39,65,https://pubmed.ncbi.nlm.nih.gov/23588107
10.3109/10428194.2012.682307,"Polymorphisms in genes encoding interleukin-10 and drug metabolizing enzymes GSTP1, GSTT1, GSTA1 and UGT1A1 influence risk and outcome in Hodgkin lymphoma","Olav Erich Yri, Per Olaf Ekstrøm, Vera Hilden, Gustav Gaudernack, Knut Liestøl, Erlend B. Smeland, Harald Holte",Leukemia & lymphoma,2012,"Abstract We genotyped 224 patients with Hodgkin lymphoma (HL) and 1056 healthy controls and related the risk for HL and outcome of chemotherapy treatment to polymorphisms in genes encoding interleukins and metabolizing enzymes by capillary electrophoresis. Patients with the UGT1A1 TA tandem repeat TA6/6 genotype had a poorer overall survival (OS) (relative risk [RR] 3.63, p = 0.004), and patients above 40 years with the GSTA1 AA genotype had poorer event-free survival (EFS) (RR 4.38, p = 0.003) after chemotherapy. In patients above 40 years, the IL-10 rs1800890 T-allele was associated with lower risk for HL (TT genotype vs. AA, odds ratio [OR] 0.38 [95% confidence interval 0.21–0.69], p = 0.001; AT/TT combined genotypes vs. AA, OR 0.45 [0.27–0.74], p = 0.001). The GSTP1 rs1695 A-allele reduced the risk for HL (GG vs. AG, OR 0.64 [0.42–0.99], p = 0.04; GG vs. AG/AA combined genotypes, OR 0.70 [0.47–1.04], p = 0.07), and the GSTT1 deleted genotype increased the risk for HL (OR 3.17 [1.97–5.09], p < 0.001) regardless of age.",00746bd9-311c-4ccc-b74c-a91cbf682a72,19,77,https://pubmed.ncbi.nlm.nih.gov/22475179
10.18632/ONCOTARGET.16869,ABCG2 and NCF4 polymorphisms are associated with clinical outcomes in diffuse large B-cell lymphoma patients treated with R-CHOP.,"Duo Liu, Nan Wu, Haiming Sun, Mei Dong, Tian-Zhu Guo, Peng Chi, Guo‐Fu Li, Donglin Sun, Yan Jin",OncoTarget,2017,"The impact of pharmacogenetics on predicting survival in diffuse large B-cell lymphoma (DLBCL) remains unclear. We tested 337 DLBCL patients treated with rituximab-cyclophosphamide, doxorubicin, vincristine, and prednisone (R-CHOP) for 9 single nucleotide polymorphisms from 6 genes (CD20, FCGR2A, NAD(P)H, ABCC2, ABCG2 and CYP3A5). Patients who carried the NCF4 rs1883112 GG genotype showed significantly shorter progression-free survival (PFS) (P = 0.023) and event-free survival (EFS) (P < 0.001) comparing with A allele. A significantly shortened PFS (P = 0.013) and EFS (P = 0.002) was also observed in the patients with ABCG2 rs2231137 GG genotype. Furthermore, the elder (> 60 years old) or male patients with ABCG2 rs2231137 GG genotype had poorer PFS and EFS than A allele. Moreover, CD20 rs2070770 CC and RAC2 rs13058338 AT genotypes were independent predictors of chemotherapy-induced toxicity. Cox proportional hazards analyses demonstrated that the GG genotype of ABCG2 rs2231137 and NCF4 rs1883112 were risk factors in DLBCL patients. In conclusion, the identified polymorphisms provide guide for the identification of DLBCL patients who are likely to benefit from chemotherapy.",55f02321-8b6b-4f62-bef0-ae17ee97d9a2,5,0,https://pubmed.ncbi.nlm.nih.gov/28430649
10.54751/REVISTAFOCO.V17N10-155,ASSOCIAÇÃO DE VARIANTES GÊNICAS E DESENVOLVIMENTO DE MUCOSITE BUCAL EM PACIENTES ONCOPEDIÁTRICOS: UMA REVISÃO NARRATIVA,"EVELYN MONTEIRO KRUGER, Stéfanie Thieme Perotto, Renata de Almeida Zieger, Manoela Domingues Martins, Patrícia Pasquali, Luísa Comerlato Jardim",Revista Foco,2024,"Quimioterápicos metotrexato (MTX), ciclofosfamida (CTX) e doxorrubicina (DOXO), tratamento na leucemia linfoblástica aguda e linfomas, desencadeiam mucosite bucal (MB) infantil. Analisaram variantes genéticas e redução da toxicidade na MB. Coletaram amostras de sangue, DNA e a MB avaliada pela Organização Mundial da Saúde com sequenciamento de 20 genes personalizados e 67 variantes. Análise de enriquecimento e estatística no software R usou enciclopédia de Kyoto (p = 0,05). 64 pacientes, 46 com LLA e 18 com linfoma, totalizando 392 ciclos quimioterápicos. No protocolo DOXO (34.2%), CTX m (17.3%) e MTX (27.8%) não detectou MB em 134 ciclos, em 122 observou grau 1, em 100 grau 2 e 36 grau 3. Análise multivariada, ciclos MTX, associou a MB com ABCC2 rs2273697 e rs17222723, ABCC4 rs2274406, GSTM1 rs1056806; a CTX, ABCC6 rs9940825, HSP90AA1rs4947 e SLC19A1 rs12659, e a DOXO aos genes ABCC1rs35587, CYP2A7 rs4079366 e MTHFR rs1801133. Resultados sugerem estudos.",b677d475-420f-4fa0-8bcc-7c07c24454cb,0,67,(missing PubMedId)
(missing DOI),Association of multidrug resistance-associated protein 2 single nucleotide polymorphism rs12762549 with the basal plasma levels of phase II metabolites of …,"K Kato, H Kusuhara, Y Kumagai, I Ieiri…",Pharmacogenetics …,2012,Objectives Multidrug resistance-associated protein 2 (MRP2; ABCC2) is an ATP-binding cassette transporter that mediates the efflux of anionic drugs and phase II metabolites. Our aim …,ga_10,0,0,(missing PubMedId)
10.1097/FPC.0B013E3282F974B7,Influence of genetic polymorphisms on intestinal expression and rifampicin-type induction of ABCC2 and on bioavailability of talinolol,"Sierk Haenisch, Karen May, Danilo Wegner, Amke Caliebe, Ingolf Cascorbi, Werner Siegmund",Pharmacogenetics and genomics,2008,"Objectives To evaluate whether ABCC2 gene polymorphisms are associated with expression and/or function of the efflux pump. Methods We investigated the allele frequency of ABCC2 -24C>T, -23G>A, c.1249G>A, c.1446C>G, c.1457C>T, c.2302C>T, c.2366C>T, c.3542G>T, c.3561G>A, c.3563T>A, c.3972C>T, c.4348G>A, and 4544G>A in 374 nonrelated German healthy volunteers and determined the impact on duodenal mRNA and protein content of ABCC2. For functional analysis, the disposition of intravenously (30 mg) and orally administered talinolol (100 mg) was measured among 31 individuals. Moreover, the effects of rifampicin-type induction (600 mg, 8 days) of duodenal ABCC2 were quantified in 22 participants with regard to genetic polymorphisms. Results The allele frequencies were 18.3% (-24T), 21.1% (1249A), 1.4% (1446G), 0.1% (3542T), 4.5% (3563A), 34.2% (3972T), and 4.4% (4544A); carriers of -23G>A, 1457C>T, 2302C>T, 2366C>T, 3561G>A, and 4348G>A were not identified. The -24T allele was in strong linkage with 3972T, and 3563A with 4544A, whereas 1249A was weakly linked with other variant alleles. None of the single nucleotide polymorphisms investigated influenced significantly intestinal ABCC2 mRNA and protein content. The variant ABCC2 1249G>A (V417I), however, was associated with lower oral bioavailability (P=0.001), and increased residual clearance of intravenous talinolol (P=0.021). Intestinal ABCC2 mRNA and protein expression were upregulated by rifampicin treatment, a genetic influence could be detected in only four cases heterozygote for 3563T>A or 4544G>A. Conclusion The 1249G>A (V417I) polymorphism is obviously associated with higher activity of the intestinal transporter.",c91de80d-ef85-4a32-89c4-f14ffd7da80d,101,48,https://pubmed.ncbi.nlm.nih.gov/18334920
(missing DOI),G01. Characterization of 137 Genomic DNA Reference Materials for 27 Pharmacogenetic Genes: A GeT-RM Collaborative Project,"VM Pratt, P Aggarwal, BN Beyer, U Broeckel… - researchgate.net",(missing journal),(missing year),"Methods: To expand the number of characterized PGx variants and genes, 137 Coriell cell lines were selected based on partial genotype characterization from several sources. DNA …",ga_11,0,0,(missing PubMedId)
10.1097/FPC.0000000000000491,Pharmacogenetics of tenofovir renal toxicity in HIV-positive Southern Africans,"Somila Mateza, Yuki Bradford, Gary Maartens, Simiso Sokhela, Nomathemba Chandiwana, François Venter, Frank A. Post, Marylyn Ritchie, David W. Haas, Phumla Sinxadi",Pharmacogenetics & Genomics,2023,"Objective Renal toxicity is more common with tenofovir disoproxil fumarate (TDF) than with tenofovir alafenamide fumarate (TAF). We investigated whether polymorphisms in genes relevant to tenofovir disposition affect renal toxicity among HIV-positive Southern Africans. Methods Genetic sub-study of adults randomized to initiate TAF or TDF together with dolutegravir and emtricitabine was conducted. Outcomes were changes from week 4 to 48 in the estimated glomerular filtration rate (eGFR) and from baseline to week 48 in urine retinol-binding protein and urine β2-microglobulin adjusted for urinary creatinine (uRBP/Cr and uB2M/Cr). Primary analyses prioritized 14 polymorphisms previously reported to be associated with tenofovir disposition or renal outcomes, and all polymorphisms in 14 selected genes. We also explored genome-wide associations. Results 336 participants were enrolled. Among 14 polymorphisms of primary interest, the lowest P values for change in eGFR, uRBP/Cr, and uB2M/Cr were ABCC4 rs899494 (P = 0.022), ABCC10 rs2125739 (P = 0.07), and ABCC4 rs1059751 (P = 0.0088); and in genes of interest, the lowest P values were ABCC4 rs4148481 (P = 0.0013), rs691857 (P = 0.00039), and PKD2 rs72659631 (P = 0.0011). However, none of these polymorphisms withstood correction for multiple testing. Genome-wide, the lowest P values were COL27A1 rs1687402 (P = 3.4 × 10−9), CDH4 rs66494466 (P = 5.6 × 10−8), and ITGA4 rs3770126 (P = 6.1 × 10−7). Conclusion Two ABCC4 polymorphisms, rs899494 and rs1059751, were nominally associated with change in eGFR and uB2M/Cr, respectively, albeit in the opposite direction of previous reports. COL27A1 polymorphism was genome-wide significantly associated with change in eGFR.",351493c0-e0a8-4815-8c1b-197aaf48444c,7,60,https://pubmed.ncbi.nlm.nih.gov/37099271
10.1111/BPH.16508,In silico and biological analyses of missense variants of the human biliary efflux transporter ABCC2: effects of novel rare missense variants,"Charlotte Kölz, Fabienne Z. Gaugaz, Niklas Handin, Elke Schaeffeler, Roman Tremmel, Stefan Winter, Kathrin Klein, Ulrich M. Zanger, Per Artursson, Matthias Schwab, Anne T. Nies",British Journal of Pharmacology,2024,"Abstract Background and Purpose The ATP‐dependent biliary efflux transporter ABCC2, also known as multidrug resistance protein 2 (MRP2), is essential for the cellular disposition and detoxification of various xenobiotics including drugs as well as endogenous metabolites. Common functionally relevant ABCC2 genetic variants significantly alter drug responses and contribute to side effects. The aim of this study was to determine functional consequences of rare variants identified in subjects with European ancestry using in silico tools and in vitro analyses. Experimental Approach Targeted next‐generation sequencing of the ABCC2 gene was used to identify novel variants in European subjects (n = 143). Twenty‐six in silico tools were used to predict functional consequences. For biological validation, transport assays were carried out with membrane vesicles prepared from cell lines overexpressing the newly identified ABCC2 variants and estradiol β‐glucuronide and carboxydichlorofluorescein as the substrates. Key Results Three novel rare ABCC2 missense variants were identified (W227R, K402T, V489F). Twenty‐five in silico tools predicted W227R as damaging and one as potentially damaging. Prediction of functional consequences was not possible for K402T and V489F and for the common linked variants V1188E/C1515Y. Characterisation in vitro showed increased function of W227R, V489F and V1188E/C1515Y for both substrates, whereas K402T function was only increased for carboxydichlorofluorescein. Conclusion and Implications In silico tools were unable to accurately predict the substrate‐dependent increase in function of ABCC2 missense variants. In vitro biological studies are required to accurately determine functional activity to avoid misleading consequences for drug therapy.",d49aa475-c3d6-4aa9-847f-88594d74e740,2,84,https://pubmed.ncbi.nlm.nih.gov/39096023
10.3390/GENES14061265,A Genome-Wide Analysis of a Sudden Cardiac Death Cohort: Identifying Novel Target Variants in the Era of Molecular Autopsy,"Livia Beccacece, Paolo Abondio, Arianna Giorgetti, Carla Bini, Guido Pelletti, Donata Luiselli, Susi Pelotti",Genes,2023,"Sudden cardiac death (SCD) is an unexpected natural death due to cardiac causes, usually happening within one hour of symptom manifestation or in individuals in good health up to 24 h before the event. Genomic screening has been increasingly applied as a useful approach to detecting the genetic variants that potentially contribute to SCD and helping the evaluation of SCD cases in the post-mortem setting. Our aim was to identify the genetic markers associated with SCD, which might enable its target screening and prevention. In this scope, a case–control analysis through the post-mortem genome-wide screening of 30 autopsy cases was performed. We identified a high number of novel genetic variants associated with SCD, of which 25 polymorphisms were consistent with a previous link to cardiovascular diseases. We ascertained that many genes have been already linked to cardiovascular system functioning and diseases and that the metabolisms most implicated in SCD are the lipid, cholesterol, arachidonic acid, and drug metabolisms, suggesting their roles as potential risk factors. Overall, the genetic variants pinpointed herein might be useful markers of SCD, but the novelty of these results requires further investigations.",667f8457-2892-4ba1-b573-b62a345390ba,5,101,https://pubmed.ncbi.nlm.nih.gov/37372445
10.1007/S00228-011-1007-6,Retrospective study of the impact of pharmacogenetic variants on paclitaxel toxicity and survival in patients with ovarian cancer,"Troels K. Bergmann, Henrik Green, Charlotte Brasch‐Andersen, Mansoor R. Mirza, Jørn Herrstedt, Berit Hølund, Andreas du Bois, Per Damkier, Werner Vach, Kim Brøsen, Curt Peterson",European Journal of Clinical Pharmacology,2011,"Paclitaxel has a broad spectrum of anti-tumor activity and is useful in the treatment of ovarian, breast, and lung cancer. Paclitaxel is metabolized in the liver by CYP2C8 and CYP3A4 and transporte ...",5a58d6c0-7222-4e52-a3e5-f1129b659229,98,35,https://pubmed.ncbi.nlm.nih.gov/21327421
10.1111/J.1742-7843.2011.00802.X,Impact of ABCB1 variants on neutrophil depression: a pharmacogenomic study of paclitaxel in 92 women with ovarian cancer.,"Troels K. Bergmann, Charlotte Brasch‐Andersen, Henrik Green, Mansoor Raza Mirza, Kristin Skougaard, Jessica Wihl, Nina Keldsen, Per Damkier, Curt Peterson, Werner Vach, Kim Brøsen",Basic & clinical pharmacology & toxicology,2012,"The standard treatment for ovarian cancer in advanced stages is post-surgery treatment with taxane-platin chemotherapy. Despite an initial high response rate, most patients eventually relapse. The dose-limiting toxicities of paclitaxel are neutropenia and neuropathy, but the inter-individual variability is large. The aim of this prospective study was to investigate the impact of genetic variants in key drug metabolizing/transporter genes on toxicity and compliance. CYP2C8*3 and three ABCB1 polymorphisms were chosen for primary analysis, and a host of other candidate genes was explored in 92 prospectively recruited Scandinavian Caucasian women with primary ovarian cancer who were treated with paclitaxel and carboplatin. A single investigator assessed the clinical toxicity in 97% of the patients. Patients carrying variant alleles of ABCB1 C3435T experienced more pronounced neutrophil decrease (63%, 72% and 80% for 3435CC, CT and TT, respectively; p-value 0.03). A similar association was found for G2677T/A, p-value 0.02. For C1236T, there was a trend with p-value 0.06. No statistically significant correlations were found for paclitaxel compliance and sensory neuropathy in the primary analysis. Variants in the drug transporter ABCB1 gene are possibly associated with the neutrophil suppressing effect of paclitaxel in patients with ovarian cancer. This finding has implications for the understanding of bone marrow suppression and future tailored chemotherapy.",4a454b14-b738-4dc3-8dcc-8d0b2f8d13b7,56,37,https://pubmed.ncbi.nlm.nih.gov/21955855
10.1016/J.DMPK.2016.06.001,"Gene-gene interactions between DRD3, MRP4 and CYP2B6 polymorphisms and its influence on the pharmacokinetic parameters of efavirenz in HIV infected patients.","Almudena Sánchez-Martín, Salvador Cabrera Figueroa, Raquel Cruz, Liliana Porras-Hurtado, Fernando Calvo-Boyero, Mahmood Rasool, Alfonso Domínguez-Gil Hurlé, Ãngel Carracedo, Carmen Bustos, Miguel Cordero, Aurelio Fuertes, Alicia Sánchez Iglesias, Guillermo Luna, Ma Paz Valverde",Drug Metabolism and Pharmacokinetics,2016,"Genetic factors have a significant impact on the PK variability of EFV, much higher than other non-genetic factors, such as demography. In this work we have performed a comprehensive PG analysis of genes encoding the major metabolizing enzymes and transporters of EFV, establishing a clear relationship between the PK parameters and genetic factors, which explain 50% of the variability in EFV PK parameters. The most relevant associations for metabolizing enzymes were found in CYP2B6 (rs3745274), in agreement with previous studies. The influence of transporters on the kinetics of EFV was also proved with significant correlations between the PK parameters of EFV and MRP4 (rs1751034, rs2274407). Analysis of gene-gene interactions with CYP2B6 was particularly useful to reinforce the role of MRP4 and to reveal unknown associations, such as that of DRD3. However, the role of DRD3 cannot be a direct effect but an indirect one due to physical proximity of NAT and the DRD3 locus in the genome.",9434e5c4-dbf3-4fce-bf05-033d8bddc106,16,40,https://pubmed.ncbi.nlm.nih.gov/27665700
10.3390/IJMS231911787,Pharmacogenomic Profiling of Cisplatin-Resistant and -Sensitive Human Osteosarcoma Cell Lines by Multimodal Targeted Next Generation Sequencing,"Claudia Maria Hattinger, Chiara Casotti, Maria Pia Patrizio, Silvia Luppi, Leonardo Fantoni, Katia Scotlandi, Toni Ibrahim, Massimo Serra,  Claudia Maria Hattinger,  Chiara Casotti,  Maria Pia Patrizio,  Silvia Luppi,  Leonardo Fantoni,  Katia Scotlandi,  Toni Ibrahim,  Massimo Serra",International Journal of Molecular Sciences,2022,"Cisplatin (CDDP) is a drug for high-grade osteosarcoma (HGOS) treatment. Several germline pharmacogenetic studies have revealed associations between single nucleotide polymorphisms (SNPs) and CDDP-based therapy response or CDDP-related toxicity in patients with HGOS. Whether these variants could play a biological role in HGOS cells has not been studied so far. The aim of this study was to explore 28 SNPs of 14 genes in 6 CDDP-resistant and 12 drug-sensitive human HGOS cell lines. An innovative multimodal targeted next generation sequencing (mmNGS) approach with custom primers designed for the most commonly reported SNPs of genes belonging to DNA repair, CDDP transport or detoxification, or associated with CDPP-related toxicity was applied. The mmNGS approach was validated by TaqMan genotyping assays and emerged to be an innovative, reliable tool to detect genetic polymorphisms at both the DNA and RNA level. Allele changes in three SNPs (ERCC2 rs13181 and rs1799793, ERCC1 rs11615) were identified on both DNA and RNA derived libraries in association with CDDP resistance. A change of the GSTP1 rs1695 polymorphism from AA to AG genotype was observed in the RNA of all six CDDP-resistant variants. These SNPs emerged to be causally associated with CDDP resistance in HGOS cells.",7660d1b9-d22c-40a3-87a7-4bfa717a91db,3,39,https://pubmed.ncbi.nlm.nih.gov/36233089
10.1016/J.TOX.2008.07.008,Genetic variants of hepatic transporters and susceptibility to drug induced liver injury,"Pallav Bhatnagar, Chris Day, Guruprasad P. Aithal, Munir Pirmohamed, William Bernal, Ann K. Daly",(missing journal),2008,(missing abstract),f3170c44-a4ca-44d1-a70a-df9783696c9b,9,2,(missing PubMedId)
10.1002/CNCR.33108,Chemotherapy‐induced peripheral neuropathy: Identifying the research gaps and associated changes to clinical trial design,"Diane St. Germain, Ann M. O’Mara, Jennifer L. Robinson, Andrea Torres, Lori M. Minasian",Cancer,2020,"To the authors' knowledge, the empiric identification of agents and interventions to mitigate chemotherapy‐induced peripheral neuropathy (CIPN) has resulted in only 1 agent that modestly mitigates it and no agents or interventions that prevent its development. This speaks to the need for a mechanistic understanding of CIPN to develop effective interventions.",58d1af8c-6951-4eea-beeb-90205ed5791f,23,153,https://pubmed.ncbi.nlm.nih.gov/32780430
10.1111/CTS.12525,Pharmacogenetic Analysis of the Model‐Based Pharmacokinetics of Five Anti‐HIV Drugs: How Does This Influence the Effect of Aging?,"Jingxian Chen, Farida S. Akhtari, Michael J. Wagner, Oscar Suzuki, Tim Wiltshire, Alison A. Motsinger‐Reif, Julie B. Dumond",Clinical and Translational Science,2018,"Analysis of aging and pharmacogenetics (PGx) on antiretroviral pharmacokinetics (PKs) could inform precision dosing for older human HIV‐infected patients. Seventy‐four participants receiving either atazanavir/ritonavir (ATV/RTV) or efavirenz (EFV) with tenofovir/emtricitabine (TFV/FTC) provided PK and PGx information. Aging‐PGx‐PK association and interaction analyses were conducted using one‐way analysis of variance (ANOVA), multiple linear regression, and Random Forest ensemble methods. Our analyses associated unbound ATV disposition with multidrug resistance protein (MRP)4, RTV with P‐glycoprotein (P‐gp), and EFV with cytochrome P450 (CYP)2B6 and MRP4 genetic variants. The clearance and cellular distribution of TFV were associated with P‐gp, MRP2, and concentrative nucleoside transporters (CNTs), and FTC parameters were associated with organic cation transporters (OCTs) and MRP2 genetic variants. Notably, p16INK4a expression, a cellular aging marker, predicted EFV and FTC PK when genetic factors were adjusted. Both age and p16INK4a expression interacted with PGx on ATV and TFV disposition, implying potential dose adjustment based on aging may depend on genetic background.",dbe1e5f3-5919-4918-a34f-70ff13b80cf2,9,46,https://pubmed.ncbi.nlm.nih.gov/29205871
10.3109/10428194.2013.774392,Influence of polymorphisms in genes encoding immunoregulatory proteins and metabolizing enzymes on susceptibility and outcome in patients with diffuse large B-cell lymphoma treated with rituximab,"Olav Erich Yri, Per Olaf Ekstrøm, Vera Hilden, Gustav Gaudernack, Knut Liestøl, Erlend B. Smeland, Harald Holte",Leukemia & lymphoma,2013,"Abstract We analyzed the allelic distribution of 12 candidate polymorphisms in a large retrospective study of 486 patients with diffuse large B-cell lymphoma (DLBCL) treated at Oslo University Hospital with 1056 blood donors serving as controls. Variants in TNFα (rs1800629) (GG vs. AG/AA, p < 0.001) and LTA (rs909253) (AA vs. AG/GG, p = 0.02) and deletions in GSTM1 and GSTT1 (undeleted vs. deleted, p = 0.01 and p = 0.01, respectively) were associated with increased susceptibility of developing DLBCL. IL-10 (rs1800896) variants (GG vs. AG/AA, p = 0.03) were associated with decreased susceptibility. In line with several previous reports, patients carrying the TNFα (rs1800629) A allele treated in the pre-rituximab era had inferior outcome compared to patients carrying the homozygous GG genotype (p = 0.004, n = 33). However, patients receiving at least one dose of rituximab had equal outcome regardless of their TNFα genotype (HR = 0.94, p = 0.79, n = 307). Deletion in GSTM1 was associated with inferior outcome for patients with low International Prognostic Index (IPI) score (p = 0.04). Our findings support the suggestions that polymorphisms in genes encoding immunoregulatory proteins and enzymes that metabolize carcinogens and chemotherapeutic drugs influence DLBCL susceptibility and possibly treatment outcome. The influence of polymorphisms in immunoregulatory genes on outcome in DLBCL should be reevaluated in the rituximab era.",c748fb2c-a2de-4b98-b1e2-49027621a518,22,60,https://pubmed.ncbi.nlm.nih.gov/23391141
(missing DOI),Increased susceptibility for intrahepatic cholestasis of pregnancy and contraceptive-induced cholestasis in carriers of the 1331T> C polymorphism in the bile salt …,"Y Meier, T Zodan, C Lang…",World journal of …,2008,AIM: To study the association of three common ABCB11 and ABCC2 polymorphisms (ABCB11: 1331T>C V444A; ABCC2: 3563T>A V1188E and 4544G>A C1515Y) with intrahepatic …,ga_14,0,0,(missing PubMedId)
(missing DOI),The genetics of anthracycline-induced cardiotoxicity in cancer patients,Horacia Naidoo,(missing journal),2018,(missing abstract),2a3e1e6e-8995-48e3-9c6f-5d331449b639,2,0,(missing PubMedId)
10.3109/10428194.2014.916798,Treatment of aggressive B-cell lymphoma in elderly patients: influence of single nucleotide polymorphisms affecting pharmacodynamics of chemotherapeutics,"Thomas Melchardt, Lukas Weiss, Clemens Hufnagl, Daniel Neureiter, Ralf Kemmerling, Patrick Morre, Ann Boekstegers, Georg Hopfinger, Jutta Auberger, Susanne Steinkirchner, Lisa Pleyer, Richard Greil, Alexander Egle",Leukemia & lymphoma,2015,"Abstract Clinical and/or biological risk factors are needed to identify elderly patients with aggressive B-cell lymphoma able to receive full-dose R-CHOP (rituximab, cyclophosphamide, doxorubicin, vincristine, prednisone) treatment. We present a retrospective analysis of 83 patients ≥ 75 years of age (range: 75–97) who were diagnosed with aggressive B cell lymphoma between 2004 and 2011 in our clinic. R-CHOP-like therapy was administered in 82% of these patients resulting in a median overall survival of 54 months. A median cumulative dose of 226 mg/m2 doxorubicin and a median of six cycles were applied in these patients. Two genotypes of the CBR3 and MLH1 genes affecting the metabolism of cytostatics identified a subgroup with a favorable prognosis (median overall survival not reached vs. 30 months, p = 0.01). A treatment strategy aiming at full-dose R-CHOP was feasible and resulted in an encouraging treatment outcome in patients ≥ 75 years. Pharmacogenetic parameters, if independently validated, may be helpful in elderly patients.",84edaf78-026b-49e2-b36b-ff4e072ee245,6,22,https://pubmed.ncbi.nlm.nih.gov/24798743
(missing DOI),Genetic variability in the multidrug resistance associated protein-1 (ABCC1/MRP1) predicts hematological toxicity in breast cancer patients receiving (neo-) …,"C Vulsteke, D Lambrechts, A Dieudonné, S Hatse…",Annals of oncology,2013,Background To assess the impact of single-nucleotide polymorphisms (SNPs) on predefined severe adverse events in breast cancer (BC) patients receiving (neo-)adjuvant 5-…,ga_16,0,0,(missing PubMedId)
10.1016/J.TRSL.2015.12.011,A germline predictive signature of response to platinum chemotherapy in esophageal cancer.,"Enrica Rumiato, Elisa Boldrin, Sandro Malacrida, Giorgio Battaglia, Paolo Bocus, Carlo Castoro, Matteo Cagol, Vanna Chiarion‐Sileni, Alberto Ruol, Alberto Amadori, Daniela Saggioro",Translational Research,2016,"Platinum-based neoadjuvant therapy is the standard treatment for esophageal cancer (EC). At present, no reliable response markers exist, and patient therapeutic outcome is variable and very often unpredictable. The aim of this study was to understand the contribution of host constitutive DNA polymorphisms in discriminating between responder and nonresponder patients. DNA collected from 120 EC patients treated with platinum-based neoadjuvant chemotherapy was analyzed using drug metabolism enzymes and transporters (DMET) array platform that interrogates polymorphisms in 225 genes of drug metabolism and disposition. Four gene variants of DNA repair machinery, 2 in  ERCC1  (rs11615; rs3212986), and 2 in  XPD  (rs1799793; rs13181) were also studied. Association analysis was performed with pTest software and corrected by permutation test. Predictive models of response were created using the receiver-operating characteristics curve approach and adjusted by the bootstrap procedure. Sixteen single nucleotide polymorphisms (SNPs) of the DMET array resulted significantly associated with either good or poor response; no association was found for the 4 variants mapping in DNA repair genes. The predictive power of 5 DMET SNPs mapping in  ABCC2 ,  ABCC3 ,  CYP2A6 ,  PPARG , and  SLC7A8  genes was greater than that of clinical factors alone (area under the curve [AUC] = 0.74 vs 0.62). Interestingly, their combination with the clinical variables significantly increased the predictivity of the model (AUC = 0.78 vs 0.62,  P  = 0.0016). In conclusion, we identified a genetic signature of response to platinum-based neoadjuvant chemotherapy in EC patients. Our results also disclose the potential benefit of combining genetic and clinical variables for personalized EC management.",eb118178-c4d7-4d6d-999d-d7b0a897d3dd,23,48,https://pubmed.ncbi.nlm.nih.gov/26772957
(missing DOI),Interindividual variability in hepatic expression of the multidrug resistance-associated protein 2 (MRP2/ABCC2): quantification by liquid chromatography/tandem mass …,"AK Deo, B Prasad, L Balogh, Y Lai…",Drug Metabolism and …,2012,Multidrug-associated protein 2 (MRP2) is an efflux transporter that is expressed at the bile canalicular membrane. To allow in vitro to in vivo extrapolation of the contribution of MRP2 …,ga_17,0,0,(missing PubMedId)
10.21203/RS.3.RS-1113738/V1,Pharmacogenetics of chemotherapy treatment response and -toxicities in patients with osteosarcoma: a systematic review of 2010-2020,"Evelien G. E. Hurkmans, Annouk C.A.M. Brand, Job A.J. Verdonschot, D. Maroeska W. M. te Loo, Marieke J H Coenen",Research Square (Research Square),2022,"Abstract Background: Osteosarcoma is the most common bone tumor in children and adolescents. Despite multiagent chemotherapy, only 71% of patients survives and these survivors often experience long-term toxicities. The main objective of this systematic review is to provide an overview of the discovery of novel associations of germline polymorphisms with treatment response and/or chemotherapy-induced toxicities in osteosarcoma.Methods: MEDLINE and Embase were systematically searched (2010-2020). Genetic association studies were included if they assessed &gt;10 germline genetic variants in &gt; 5 genes in relevant drug pathways or if they used a genotyping array or other large-scale genetic analysis. Quality was assessed using adjusted STrengthening the REporting of Genetic Association studies (STREGA)-guidelines. To find additional evidence for the identified associations, literature was searched to identify replication studies.Results: After screening 1533 articles, fifteen articles met our inclusion criteria. These range from studies focusing on genes in relevant pharmacokinetic pathways to whole genome sequencing. Eight articles reported on doxorubicin-induced cardiomyopathy. For seven genetic variants in CELF4, GPR35, HAS3, RARG, SLC22A17, SLC22A7 and SLC28A3, replication studies were performed, however without consistent results. Four small studies reported on bone marrow, nephro- and/or hepatotoxicity. Six studies included analysis for treatment efficacy. Genetic variants in ABCC3, ABCC5, FasL, GLDC, GSTP1 were replicated in studies using heterogeneous efficacy outcomes.Conclusions: Despite that results are promising, the majority of associations were poorly reproducible due to small patient cohorts. For the future, hypothesis-generating studies in large patient cohorts will be necessary, especially for cisplatin-induced ototoxicity as these are lacking. In order to form large patient cohorts, national and international collaboration will be essential.",2bbb2fe5-3149-468f-b22d-0cc1a3eba425,14,127,(missing PubMedId)
10.1007/S00439-020-02150-6,Ethnogeographic and inter-individual variability of human ABC transporters,"Qingyang Xiao, Yitian Zhou, Volker M. Lauschke",Human Genetics,2020,"ATP-binding cassette (ABC) transporters constitute a superfamily of 48 structurally similar membrane transporters that mediate the ATP-dependent cellular export of a plethora of endogenous and xenobiotic substances. Importantly, genetic variants in ABC genes that affect gene function have clinically important effects on drug disposition and can be predictors of the risk of adverse drug reactions and efficacy of chemotherapeutics, calcium channel blockers, and protease inhibitors. Furthermore, loss-of-function of ABC transporters is associated with a variety of congenital disorders. Despite their clinical importance, information about the frequencies and global distribution of functionally relevant ABC variants is limited and little is known about the overall genetic complexity of this important gene family. Here, we systematically mapped the genetic landscape of the entire human ABC superfamily using Next-Generation Sequencing data from 138,632 individuals across seven major populations. Overall, we identified 62,793 exonic variants, 98.5% of which were rare. By integrating five computational prediction algorithms with structural mapping approaches using experimentally determined crystal structures, we found that the functional ABC variability is extensive and highly population-specific. Every individual harbored between 9.3 and 13.9 deleterious ABC variants, 76% of which were found only in a single population. Carrier rates of pathogenic variants in ABC transporter genes associated with autosomal recessive congenital diseases, such as cystic fibrosis or pseudoxanthoma elasticum, closely mirrored the corresponding population-specific disease prevalence, thus providing a novel resource for rare disease epidemiology. Combined, we provide the most comprehensive, systematic, and consolidated overview of ethnogeographic ABC transporter variability with important implications for personalized medicine, clinical genetics, and precision public health.",41751212-469b-4f7b-bf88-22d59fead0b8,44,155,https://pubmed.ncbi.nlm.nih.gov/32206879
10.1038/S41598-017-00075-1,Candidate gene association studies of anthracycline-induced cardiotoxicity: a systematic review and meta-analysis,"Siew Lian Leong, Nathorn Chaiyakunapruk, Shaun Wen Huey Lee",Scientific Reports,2017,"Anthracyclines play an important role in the management of patients with cancer but the development of anthracycline-induced cardiotoxicity (ACT) remains a significant concern for most clinicians. Recently, genetic approach has been used to identify patients at increased risk of ACT. This systematic review assessed the association between genomic markers and ACT. A systematic literature search was performed in Medline, PubMed, Cochrane Central Register of Controlled Studies, CINAHL Plus, AMED, EMBASE and HuGE Navigator from inception until May 2016. Twenty-eight studies examining the association of genetic variants and ACT were identified. These studies examined 84 different genes and 147 single nucleotide polymorphisms. Meta-analyses showed 3 risk variants significantly increased the risk for ACT; namely ABCC2 rs8187710 (pooled odds ratio: 2.20; 95% CI: 1.36–3.54), CYBA rs4673 (1.55; 1.05–2.30) and RAC2 rs13058338 (1.79; 1.27–2.52). The current evidence remains unclear on the potential role of pharmacogenomic screening prior to anthracycline therapy. Further research is needed to improve the diagnostic and prognostic role in predicting ACT.",c735f8d1-71fe-4a29-8a5d-6e8c3a6c15fd,95,81,https://pubmed.ncbi.nlm.nih.gov/28232737
10.2174/156720108784911749,Pharmacogenetics of intestinal absorption.,"Tsutomu Nakamura, Motohiro Yamamori, Toshiyuki Sakaeda",Current drug delivery,2008,"The small intestine is the primary site of absorption for many drugs administered orally and so is the target tissue for pharmacotherapeutic strategies to control the oral absorption of drugs. Drug transporters, including the ATP-binding cassette (ABC) superfamily and the solute carrier (SLC) superfamily, have been considered to play a physiological role in regulating the absorption of xenobiotics, and variations in their expression level and function in the small intestine cause intra- and inter-individual variation in the oral absorption of drugs. Recent advances in molecular biology have suggested that genetic polymorphisms are associated with the expression level and function, and thereby inter-individual variation. In this review, the pharmacogenetics of these transporters is summarized, and their future significance in the clinical setting is discussed.",c5e1e216-d296-4a50-b16e-5a52d775a53a,32,0,https://pubmed.ncbi.nlm.nih.gov/18673259
10.1002/HEP4.2066,Population‐based meta‐analysis and gene‐set enrichment identifies FXR/RXR pathway as common to fatty liver disease and serum lipids,"Samuel K. Handelman, Yindra M. Puentes, Annapurna Kuppa, Yanhua Chen, Xiaomeng Du, Mary F. Feitosa, Nicholette D. Palmer, Elizabeth K. Speliotes",Hepatology communications,2022,"Nonalcoholic fatty liver disease (NAFLD) is prevalent worldwide. NAFLD is associated with elevated serum triglycerides (TG), low‐density lipoprotein cholesterol (LDL), and reduced high‐density lipoprotein cholesterol (HDL). Both NAFLD and blood lipid levels are genetically influenced and may share a common genetic etiology. We used genome‐wide association studies (GWAS)–ranked genes and gene‐set enrichment analysis to identify pathways that affect serum lipids and NAFLD. We identified credible genes in these pathways and characterized missense variants in these for effects on serum traits. We used MAGENTA to identify 58 enriched pathways from publicly available TG, LDL, and HDL GWAS (n = 99,000). Three of these pathways were also enriched for associations with European‐ancestry NAFLD GWAS (n = 7176). One pathway, farnesoid X receptor (FXR)/retinoid X receptor (RXR) activation, was replicated for association in an African‐ancestry NAFLD GWAS (n = 3214) and plays a role in serum lipids and NAFLD. Credible genes (proteins) in FXR/RXR activation include those associated with cholesterol/bile/bilirubin transport/absorption (ABCC2 (MRP2) [ATP binding cassette subfamily C member (multidrug resistance‐associated protein 2)], ABCG5, ABCG8 [ATP‐binding cassette (ABC) transporters G5 and G8], APOB (APOB) [apolipoprotein B], FABP6 (ILBP) [fatty acid binding protein 6 (ileal lipid‐binding protein)], MTTP (MTP) [microsomal triglyceride transfer protein], SLC4A2 (AE2) [solute carrier family 4 member 2 (anion exchange protein 2)]), nuclear hormone–mediated control of metabolism (NR0B2 (SHP) [nuclear receptor subfamily 0 group B member 2 (small heterodimer partner)], NR1H4 (FXR) [nuclear receptor subfamily 1 group H member 4 (FXR)], PPARA (PPAR) [peroxisome proliferator activated receptor alpha], FOXO1 (FOXO1A) [forkhead box O1]), or other pathways (FETUB (FETUB) [fetuin B]). Missense variants in ABCC2 (MRP2), ABCG5 (ABCG5), ABCG8 (ABCG8), APOB (APOB), MTTP (MTP), NR0B2 (SHP), NR1H4 (FXR), and PPARA (PPAR) that associate with serum LDL levels also associate with serum liver function tests in UK Biobank. Conclusion: Genetic variants in NR1H4 (FXR) that protect against liver steatosis increase serum LDL cholesterol while variants in other members of the family have congruent effects on these traits. Human genetic pathway enrichment analysis can help guide therapeutic development by identifying effective targets for NAFLD/serum lipid manipulation while minimizing side effects. In addition, missense variants could be used in companion diagnostics to determine their influence on drug effectiveness.",6f1b43d9-9f71-43b4-a132-6b0cb05161dd,14,64,https://pubmed.ncbi.nlm.nih.gov/36098472
10.1371/JOURNAL.PONE.0077063,Plasma High Sensitivity Troponin T Levels in Adult Survivors of Childhood Leukaemias: Determinants and Associations with Cardiac Function,"Yiu‐fai Cheung, Wei Yu, Daniel Ka Leung Cheuk, Frankie Wai-tsoi Cheng, Janet Y. K. Yang, Jeffrey P W Yau, Karin Ka-huen Ho, Chi Kong Li, Rever Chak-ho Li, Hui-leung Yuen, Alvin Siu-Cheung Ling, Vivian Wing‐yi Li, Wai-Keung Wong, Kwong-cheong Tsang, Gcf Chan",PLoS ONE,2013,"Background We sought to quantify plasma high sensitivity cardiac troponin (hs-cTnT) levels, their determinants, and their associations with left ventricular (LV) myocardial deformation in adult survivors of childhood acute leukaemias. Methods and Results One hundred adult survivors (57 males) of childhood acute leukaemias, aged 24.1±4.2 years, and 42 age-matched controls (26 males) were studied. Plasma cTnT was determined using a highly sensitive assay. Genotyping of NAD(P)H oxidase and multidrug resistance protein polymorphisms was performed. Left ventricular function was assessed by conventional, three-dimensional, and speckle tracking echocardiography. The medians (interquartile range) of hs-cTnT in male and female survivors were 4.9 (4.2 to 7.2) ng/L and 1.0 (1.0 to 3.5) ng/L, respectively. Nineteen survivors (13 males, 6 females) (19%) had elevated hs-cTnT (>95th centile of controls). Compared to those without elevated hs-TnT levels, these subjects had received larger cumulative anthracycline dose and were more likely to have leukaemic relapse, stem cell transplant, and cardiac irradiation. Their LV systolic and early diastolic myocardial velocities, isovolumic acceleration, and systolic longitudinal strain rate were significantly lower. Survivors having CT/TT at CYBA rs4673 had higher hs-cTnT levels than those with CC genotype. Functionally, increased hs-cTnT levels were associated with worse LV longitudinal systolic strain and systolic and diastolic strain rates. Conclusions Increased hs-cTnT levels occur in a significant proportion of adult survivors of childhood acute leukaemias and are associated with larger cumulative anthracycline dose received, history of leukaemic relapse, stem cell transplant, and cardiac irradiation, genetic variants in free radical metabolism, and worse LV myocardial deformation.",34d64990-a02b-4a7a-a9df-e86fe0683c80,14,39,https://pubmed.ncbi.nlm.nih.gov/24204736
10.1517/17425250902976854,"Genetic polymorphisms of uptake (OATP1B1, 1B3) and efflux (MRP2, BCRP) transporters: implications for inter-individual differences in the pharmacokinetics and pharmacodynamics of statins and other clinically relevant drugs","Ichiro Ieiri, Shun Higuchi, Yuichi Sugiyama",Expert opinion on drug metabolism & toxicology,2009,"Recent pharmacogenomic/pharmacogenetic studies have disclosed important roles of drug transporters in the pharmacokinetic/pharmacodynamic (PK/PD) profiles of some clinically relevant drugs. It has concurrently been explained that variations in the drug transporter genes are associated with not only inter-individual but also inter-ethnic differences in PK/PD profiles of these drugs. This review focuses on two uptake and two efflux transporters. Organic anion transporting polypeptide (OATP) 1B1 and OATP1B3 are uptake transporters, specifically expressed in the liver, and considered important for drugs, particularly as their pharmacological target organ is the liver. Two ATP-binding cassette transporters, multi-drug resistance-associated protein 2 and breast cancer resistance protein, are efflux transporters, expressed in various human tissues, and considered particularly important for intestinal drug absorption and hepatic drug elimination. All 3-hydroxyl-3-methylglutaryl-CoA reductase inhibitors (statins) except fluvastatin are substrates for OATP1B1, but hepatobiliary (canalicular) efflux transporters differ among statins. In this review, we update the pharmacogenomic/pharmacogenetic properties of these transporters and their effects on PK/PD profiles of statins and other clinically relevant drugs. In addition, we describe a physiologically-based pharmacokinetic model for predicting the effects of changes in transporter activities on systemic and hepatic exposure to pravastatin.",94bcc89b-1f58-4fde-83c5-3fcc66c13f63,226,152,https://pubmed.ncbi.nlm.nih.gov/19442037
(missing DOI),"Polymorphisms of ABCC2, ABCC4, ABCC10 and SLC22A6 in Thai HIV-infected patients","S Mitruk, A Avihingsanon…",Chulalongkorn Medical …,2014,"Background: Drug transporters including ABCC2, ABCC4, ABCC10 and SLC22A6 play important roles in regulating physiologic solute and fluid balance in the cell. They also involve in …",ga_20,0,0,(missing PubMedId)
10.3109/00365521.2015.1056224,Polymorphisms in ATP-binding cassette transporter genes and interaction with diet and life style factors in relation to colorectal cancer in a Danish prospective case-cohort study,"Tine Iskov Kopp, Vibeke Andersen, Anne Tjønneland, Ulla Vogel",Scandinavian journal of gastroenterology,2015,"Abstract Background and aims. The ATP-binding cassette (ABC) transporter family transports various molecules across the enterocytes in the gut protecting the intestine against potentially harmful substances. Moreover, ABC transporters are involved in mucosal immune defence through interaction with cytokines. The study aimed to assess whether polymorphisms in ABCB1, ABCC2 and ABCG2 were associated with risk of colorectal cancer (CRC) and to investigate gene–environment (dietary factors, smoking and use of non-steroidal anti-inflammatory drugs) and gene–gene interactions between previously studied polymorphisms in IL1B and IL10 and ABC transporter genes in relation to CRC risk. Materials and methods. We used a Danish prospective case-cohort study of 1010 CRC cases and 1829 randomly selected participants from the Danish Diet, Cancer and Health cohort. Incidence rate ratios were calculated based on Cox’ proportional hazards model. Results. None of the polymorphisms were associated with CRC, but ABCB1 and ABCG2 haplotypes were associated with risk of CRC. ABCB1/rs1045642 interacted with intake of cereals and fiber (p-Value for interaction (Pint) = 0.001 and 0.01, respectively). In a three-way analysis, both ABCB1/rs1045642 and ABCG2/rs2231137 in combination with IL10/rs3024505 interacted with fiber intake in relation to risk of CRC (Pint = 0.0007 and 0.009). Conclusions. Our results suggest that the ABC transporters P-glycoprotein/multidrug resistance 1 and BRCP, in cooperation with IL-10, are involved in the biological mechanism underlying the protective effect of fiber intake in relation to CRC. These results should be replicated in other cohorts to rule out chance findings.",88c91269-2968-44d7-8bea-dd24c33ebcf6,16,96,https://pubmed.ncbi.nlm.nih.gov/26109419
(missing DOI),Validation of genetic markers associated with survival in colorectal cancer patients treated with oxaliplatin-based chemotherapy,"HA Park, P Seibold, D Edelmann…",Cancer epidemiology …,2022,"Background: Associations between candidate genetic variants and treatment outcomes of oxaliplatin, a drug commonly used for colorectal cancer patients, have been reported but not …",ga_21,0,0,(missing PubMedId)
10.3390/CANCERS12123647,Pharmacogenetic Study of Trabectedin-Induced Severe Hepatotoxicity in Patients with Advanced Soft Tissue Sarcoma.,"Maud Maillard, Christine Chevreau, Félicien Le Louedec, Manon Cassou, Caroline Delmas, Laure Gourdain, Jean‐Yves Blay, Didier Cupissol, Emmanuelle Bompas, Antoine Italiano, Nicolás Isambert, C. Delcambre-Lair, Nicolas Penel, François Bertucci, Cécile Guillemet, Julien Plenecassagnes, Stéphanie Foulon, Étienne Chatelut, Axel Le Cesne, Fabienne Thomas",Cancers,2020,"Hepatotoxicity is an important concern for nearly 40% of the patients treated with trabectedin for advanced soft tissue sarcoma (ASTS). The mechanisms underlying these liver damages have not yet been elucidated but they have been suggested to be related to the production of reactive metabolites. The aim of this pharmacogenetic study was to identify genetic variants of pharmacokinetic genes such as CYP450 and ABC drug transporters that could impair the trabectedin metabolism in hepatocytes. Sixty-three patients with ASTS from the TSAR clinical trial (NCT02672527) were genotyped by next-generation sequencing for 11 genes, and genotype-toxicity association analyses were performed with R package SNPassoc. Among the results, ABCC2 c.1249A allele (rs2273697) and ABCG2 intron variant c.-15994T (rs7699188) were associated with an increased risk of severe cytolysis, whereas ABCC2 c.3563A allele had a protective effect, as well as ABCB1 variants rs2032582 and rs1128503 (p-value   G) increased the risk of severe overall hepatotoxicity (p = 0.012, odds ratio (OR) = 5.75), suggesting the implication of metabolites in the hepatotoxicity. However, these results did not remain significant after multiple analysis correction. These findings need to be validated on larger cohorts of patients, with mechanistic studies potentially being able to validate the functional consequences of these variants.",e75e9fac-8106-48ad-9c3b-308de3f1bbcf,5,61,https://pubmed.ncbi.nlm.nih.gov/33291741
10.1016/J.JCEH.2018.04.001,Genetic and Epigenetic Culprits in the Pathogenesis of Nonalcoholic Fatty Liver Disease.,"Alexander J. Kovalic, Pratik Banerjee, Quynh T. Tran, Ashwani K. Singal, Sanjaya K. Satapathy",Journal of clinical and experimental hepatology,2018,"Nonalcoholic Fatty Liver Disease (NAFLD) constitutes a wide spectrum of liver pathology with hepatic steatosis at the core of this pathogenesis. Variations of certain genetic components have demonstrated increased susceptibility for hepatic steatosis. Therefore, these inciting variants must be further characterized in order to ultimately provide effective, targeted therapies for NAFLD and will be the focus of this review. Several genetic variants revealed an association with NAFLD through Genome-wide Association Study, meta-analyses, and retrospective case–control studies. PNPLA3 rs738409 and TM6SF2 rs58542926 are the two genetic variants providing the strongest evidence for association with NAFLD. However, it remains to be determined if these genetic variants serve as the primary culprit which induces the pathogenesis of NAFLD. Prospective and intervention studies are urgently needed to firmly establish a cause-and-effect relationship between the presence of certain genetic variants and risk of NAFLD development and progression.",7b31d86f-25d0-4c37-a4a9-31048f185f76,34,123,https://pubmed.ncbi.nlm.nih.gov/30564000
10.2217/BMM-2017-0427,Predictive biomarkers of chemotherapy-induced peripheral neuropathy: a review.,"Patrick Diaz, Anthony Furfari, Bo Wan, Henry Lam, George S. Charames, Leah Drost, Angelo Fefekos, Shannon O’Hearn, Alexia Blake, Rashi Asthana, Edward Chow, Carlo DeAngelis",Biomarkers in medicine,2018,"Chemotherapy-induced peripheral neuropathy (CIPN) is a common side effect of taxane treatment during chemotherapy. Identifying predictive biomarkers of CIPN would allow physicians to alter treatment given to patients according to a personal risk of developing this condition. The current literature on CIPN biomarkers is reviewed, identifying biomarkers which have been found to be significantly related to CIPN. Three genetic biomarkers are identified (ARHGEF10 rs9657362, CYP2C8 rs11572080/rs10509681 and FGD4 rs10771973) which have been found to act as predictive CIPN biomarkers in multiple studies. Possible mechanisms underlying the relationship between these single nucleotide polymorphisms and CIPN development are explored. The biomarkers identified in this study should be investigated further to generate predictive biomarkers that may be used in a clinical setting.",ab7faabf-7c78-4a02-80f2-a11073691f95,14,55,https://pubmed.ncbi.nlm.nih.gov/30044129
(missing DOI),Loss of function ABCG2 c. 421C> A (rs2231142) polymorphism increases steady-state exposure to mycophenolic acid in stable renal transplant recipients …,V Trkulja,Authorea Preprints,2022,"Ana Borić-Bilušić A1, Nada Božina2, Zdenka Lalić3, Mila Lovrić3, Sandra Nađ-Škegro4, Luka Penezić4, Karmela Barišić5, Vladimir Trkulja2Running title: ABCG2 c421C>A (rs2231142) …",ga_22,0,0,(missing PubMedId)
10.1002/HON.2235,Candidate gene association studies and risk of Hodgkin lymphoma: a systematic review and meta‐analysis,"Amit Sud, Kari Hemminki, Richard S. Houlston",Hematological Oncology,2017,"To evaluate the contribution of association studies of candidate polymorphisms to inherited predisposition to Hodgkin lymphoma (HL), we conducted a systematic review and meta‐analysis of published case‐control studies. Of the variants examined more than once in candidate gene association studies, we identified 21 studies that reported on 12 polymorphic variants in 10 genes. Data were also extracted from a published genome wide association study to allow analysis of an additional 47 variants in a further 30 genes. Promising associations were seen in nine of the variants (p < 0.05). Given that the estimated false positive report probabilities (FPRPs) for all associations are high (i.e. FPRP > 0.2), these findings should be interpreted with caution. While studies of candidate polymorphisms may be an attractive means of identifying risk factors for HL, future studies should employ sample sizes adequately powered to identify variants having only modest effects on HL risk. Furthermore, because of aetiological heterogeneity within HL, stratification of genotyping according to age, tumour Epstein‐Barr virus status and histology is essential. Copyright © 2015 John Wiley & Sons, Ltd.",93c1c1b8-fb82-4462-b6af-9dd11169b71b,18,59,https://pubmed.ncbi.nlm.nih.gov/26053036
10.1111/ODI.15217,Genetic Variants Influence the Severity of Oral Mucositis in Pediatric Osteosarcoma Patients.,"Renata de Almeida Zieger, Mariana Rodrigues Botton, Marina Curra, Amanda de Farias Gabriel, Stéfanie Thieme, Luísa Comerlato Jardim, Marco Antônio Trevizani Martins, Úrsula da Silveira Matte, André T. Brunetto, Lauro José Gregianin, Rafael Roesler, S. Sonis, Marina Siebert, Manoela Domingues Martins",Oral Diseases,2024,"BACKGROUND
The variability in patients' risk of oral mucositis (OM) has been, in part, attributed to differences in host genomics. The aim better define the role of genomics as an OM risk by investigating the association between genetic variants and the presence and severity of OM in pediatric patients with osteosarcoma (OS) undergoing chemotherapy (CT).


METHODS
A longitudinal observational retrospective study was conducted. Severity of OM was assessed daily using World Health Organization (WHO) criteria. Blood samples were collected, and DNA was extracted. 54 coding regions were analyzed for 17 candidate genes using next-generation sequencing.


RESULTS
A total of 164 CT cycles were evaluated in 14 pediatric patients being treated for OS with HDMTX (66.9%) and doxorubicin + cisplatin (34.1%). OM was diagnosed in 129 cycles (78.7%). Whereas the presence of OM was associated with ABCA3 (rs13332514) in HDMTX cycles, OM severity was associated with ABCC2 (rs2273697) in multivariate analysis. In doxorubicin + cisplatin, genetic variants of ABC family genes (ABCC2 and ABCC6) were associated with OM in multivariate analysis.


CONCLUSION
Oral mucositis risk and severity in a pediatric population being treated for OS with HDMTX, doxorubicin, and cisplatin were associated with genes in the ABC family (ABCA3, ABCC2, and ABCC6 genes).",bf0c182e-916f-4511-81a7-e891bfebd459,1,76,https://pubmed.ncbi.nlm.nih.gov/39655685
(missing DOI),ABCC2 polymorphisms and survival in the Princess Margaret cohort study and the NCIC clinical trials group BR. 24 trial of platinum-treated advanced stage non-small …,"S Cuffe, AK Azad, X Qiu, X Qiu, Y Brhane, Q Kuang…",Cancer …,2016,Background The drug transporter ABCC2 is upregulated in non-small cell lung cancer (NSCLC) and implicated in platinum resistance. We evaluated the association between germline …,ga_23,0,0,(missing PubMedId)
10.1002/9781118705308.CH10,Multidrug Resistance Proteins of the ABCC Subfamily,"Anne T. Nies, Thomas Lang",(missing journal),2014,(missing abstract),0484b345-d187-4481-aa1e-d461ab7d4819,20,144,(missing PubMedId)
10.2147/PGPM.S329690,Pharmacokinetics of Tenofovir Alafenamide Fumarate and Tenofovir in the Chinese People: Effects of Non-Genetic Factors and Genetic Variations.,"Xue Li, Xinyi Tan, Xue‐jun Cui, Ming Yang, Chao Chen, Xiaoyun Chen",Pharmacogenomics and Personalized Medicine,2021,"Background Tenofovir alafenamide fumarate (TAF) was approved for HBV treatment in China in 2018. Despite higher antiviral efficacy and less impact on renal function and bone mineral density, the pharmacokinetic profiles of TAF are highly variable. The objectives of this study were to investigate the pharmacokinetics of TAF in the Chinese population and explore the associations between TAF and genetic polymorphisms and non-genetic factors. Patients and Methods A total of 64 healthy Chinese subjects aged 18~65 years old were planned to enroll. According to the dietary intake status, the subjects were divided into two groups (n = 32 per group). The concentrations of TAF and tenofovir were measured by HPLC-MS/MS, and the single-nucleotide polymorphisms were analyzed by MALDI-TOF MS. Results All the enrolled participants (18–35 years) completed the clinical trial study. Similar to the results reported in other ethnic populations, the pharmacokinetic profiles of TAF and tenofovir were highly variable in the Chinese people, and the HFHC diet can significantly increase the systemic exposure of TAF. We determined both HFHC diet and rs7311358 (SLCO1B3) genotypes were independently associated with TAF AUC0-t, while HFHC diet, age and rs3740066 (ABCC2) variants were predictive of t1/2 of tenofovir (P < 0.05). The subjects with the AA genotype in rs7311358 had significantly higher TAF AUC0-t values (1.15 times) than those with a G allele, and the t1/2 of tenofovir in the rs3740066 TT genotype group was 1.23 times longer than that of CC genotype group. Furthermore, there was a trend of higher TAF AUC and shorter tenofovir t1/2 for the rs2032582 (ABCB1) T allele and rs3742106 (ABCC4) CC variant, respectively, although not statistically significant in the multiple linear regression analysis. Conclusion This study provided new evidence to suggest a critical link between both genetic and non-genetic factors and TAF pharmacokinetics in the Chinese people.",a05bcf7e-6489-425f-8ab8-807afee09c40,16,34,https://pubmed.ncbi.nlm.nih.gov/34703277
10.1371/JOURNAL.PONE.0013792,Flavopiridol Pharmacogenetics: Clinical and Functional Evidence for the Role of SLCO1B1/OATP1B1 in Flavopiridol Disposition,"Wenjun Ni, Jia Ji, Zunyan Dai, Audrey C. Papp, Amy J Wagoner Johnson, Sunjoo Ahn, Katherine L. Farley, Thomas S. Lin, James T. Dalton, Xiaobai Li, David Jarjoura, John C. Byrd, Wolfgang Sadée, Michael R. Grever, Mitch A. Phelps",PloS one,2010,"Background Flavopiridol is a cyclin-dependent kinase inhibitor in phase II clinical development for treatment of various forms of cancer. When administered with a pharmacokinetically (PK)-directed dosing schedule, flavopiridol exhibited striking activity in patients with refractory chronic lymphocytic leukemia. This study aimed to evaluate pharmacogenetic factors associated with inter-individual variability in pharmacokinetics and outcomes associated with flavopiridol therapy. Methodology/Principal Findings Thirty-five patients who received single-agent flavopiridol via the PK-directed schedule were genotyped for 189 polymorphisms in genes encoding 56 drug metabolizing enzymes and transporters. Genotypes were evaluated in univariate and multivariate analyses as covariates in a population PK model. Transport of flavopiridol and its glucuronide metabolite was evaluated in uptake assays in HEK-293 and MDCK-II cells transiently transfected with SLCO1B1. Polymorphisms in ABCC2, ABCG2, UGT1A1, UGT1A9, and SLCO1B1 were found to significantly correlate with flavopiridol PK in univariate analysis. Transport assay results indicated both flavopiridol and flavopiridol-glucuronide are substrates of the SLCO1B1/OATP1B1 transporter. Covariates incorporated into the final population PK model included bilirubin, SLCO1B1 rs11045819 and ABCC2 rs8187710. Associations were also observed between genotype and response. To validate these findings, a second set of data with 51 patients was evaluated, and overall trends for associations between PK and PGx were found to be consistent. Conclusions/Significance Polymorphisms in transport genes were found to be associated with flavopiridol disposition and outcomes. Observed clinical associations with SLCO1B1 were functionally validated indicating for the first time its relevance as a transporter of flavopiridol and its glucuronide metabolite. A second 51-patient dataset indicated similar trends between genotype in the SLCO1B1 and other candidate genes, thus providing support for these findings. Further study in larger patient populations will be necessary to fully characterize and validate the clinical impact of polymorphisms in SLCO1B1 and other transporter and metabolizing enzyme genes on outcomes from flavopiridol therapy.",4a83276c-a261-4926-a218-19a170092e14,60,52,https://pubmed.ncbi.nlm.nih.gov/21072184
10.1016/J.HEALUN.2021.05.020,Variants in mycophenolate and CMV antiviral drug pharmacokinetic and pharmacodynamic genes and leukopenia in heart transplant recipients.,"Kris Oreschak, Laura Saba, Nicholas Rafaels, Amrut V. Ambardekar, Kimberly M. Deininger, RobertL. PageII, JoAnn Lindenfeld, Christina L Aquilante",Journal of Heart and Lung Transplantation,2021,"Background    The objective was to assess the relationship between  single nucleotide polymorphisms  in   mycophenolate  and   cytomegalovirus   antiviral drug  pharmacokinetic   and  pharmacodynamic   genes and drug-induced  leukopenia   in adult  heart transplant  recipients.        Methods  This retrospective analysis included n  = 148 patients receiving mycophenolate and a cytomegalovirus antiviral drug. In total, 81 single nucleotide polymorphisms in 21 pharmacokinetic and 23 pharmacodynamic genes were selected for investigation. The primary and secondary outcomes were mycophenolate and/or cytomegalovirus antiviral drug-induced leukopenia, defined as a  white blood cell  count  9/L, in the first six and 12 months post-heart transplant, respectively.    Results  Mycophenolate and/or cytomegalovirus antiviral drug-induced leukopenia occurred in 20.3% of patients.   HNF1A   rs1169288 A>C (p.I27L) was associated with drug-induced leukopenia (unadjusted p = 0.002; false discovery rate   rs1169288 variant C allele carriers had significantly higher odds of leukopenia compared to A/A  homozygotes  (odds ratio 6.19; 95% CI 1.97-19.43;  p = 0.002). Single nucleotide polymorphisms in HNF1A, SLC13A1, and   MBOAT1   were suggestively associated (p     Conclusion   Our data suggest genetic variation may play a role in the development of leukopenia in patients receiving mycophenolate and cytomegalovirus antiviral drugs after  heart transplantation  . Following replication,  pharmacogenetic  markers, such as   HNF1A  rs1169288, could help identify patients at higher risk of drug-induced leukopenia, allowing for more personalized  immunosuppressant  therapy and cytomegalovirus prophylaxis following heart transplantation.",70cd9fb3-8d02-42d8-9117-b490deb0d4a0,13,43,https://pubmed.ncbi.nlm.nih.gov/34253456
(missing DOI),Application of Novel Pharmacogenomic Approaches in Solid Organ Transplantation and Oncology,AMMA Radwan - 2025 - search.proquest.com,(missing journal),(missing year),"… lung transplant recipients; however, only six patients were carriers of the rs17222723 variant allele.ABCC2 rs17222723 is a missense variant that results in the substitution of valine with …",ga_28,0,0,(missing PubMedId)
(missing DOI),Impact of CYP2C8*3 on paclitaxel clearance a population pharmacokinetic and pharmacogenomic study in 93 patients with ovarian cancer,"Troels K. Bergmann, C. Brasch-Andersen, Henrik Gréen, Mansoor Raza Mirza, Rasmus Steen Pedersen, Flemming Nielsen, K Skougaard, Jessica Wihl, Nina Keldsen, P. Damkier, Lena E. Friberg, Curt Peterson, Werner Vach, Mats O. Karlsson, Kim Brøsen",(missing journal),2010,"The primary purpose of this study was to evaluate the impact of CYP2C8*3 and three genetic ABCB1 variants on the elimination of paclitaxel. We studied 93 Caucasian women with ovarian cancer treated with paclitaxel and carboplatin. Using sparse sampling and nonlinear mixed effects modeling, the individual clearance of unbound paclitaxel was estimated from total plasma paclitaxel and Cremophor EL. The geometric mean of clearance was 385 l/h (range 176-726 l/h). Carriers of CYP2C8*3 had 11% lower clearance than non carriers, P=0.03. This has not been demonstrated before in similar studies; the explanation is probably the advantage of using both unbound paclitaxel clearance and a population of patients of same gender. No significant association was found for the ABCB1 variants C1236T , G2677T/A and C3435T. Secondarily other candidate SNPs were explored with possible associations found for CYP2C8*4 (P=0.04) and ABCC1 g.7356253C>G (P=0.04).",e8dee0da-6b6c-4c1e-a0e4-87a833838962,1,0,(missing PubMedId)
(missing DOI),Associação de variantes gênicas e desenvolvimento de mucosite bucal em pacientes pediátricos com leucemia linfoblástica aguda e linfoma em tratamento …,LC Jardim - 2022 - lume.ufrgs.br,(missing journal),(missing year),"… The multivariate analysis of MTX cycles revealed that OM was significantly associated with the rs2273697 and rs17222723 variants of the ABCC2 genes, rs2274406 variant of ABCC4 …",ga_29,0,0,(missing PubMedId)
10.2217/PGS-2016-0009,Predictive role of host constitutive variants in neoadjuvant therapy of esophageal cancer.,"Enrica Rumiato, Elisa Boldrin, Alberto Amadori, Daniela Saggioro",Pharmacogenomics,2016,"Chemoradiotherapy followed by surgery is at present the standard therapeutic approach for esophageal cancer (EC) in patients with resectable tumor. However, response to neoadjuvant therapy is characterized by a strong interpatient variability, and the identification of markers predictive of outcome is mandatory. In this review, taking into account the currently available literature, we report the impact that host genetic variables can have on EC neoadjuvant therapy. We mainly focused on the gene variants involved in the pharmacokinetics and pharmacodynamics of the common chemotherapeutic drugs used to treat EC patients, commented on the weakness of the present knowledge, and discussed the future strategies to achieve a more personalized and effective EC treatment.",a5b4ae6b-ce33-462c-82a4-88847a95619f,4,67,https://pubmed.ncbi.nlm.nih.gov/27181132
10.1080/17425255.2017.1246532,Pharmacogenomics of genes involved in antifolate drug response and toxicity in osteosarcoma,"Claudia Maria Hattinger, Elisa Tavanti, Marilù Fanelli, Serena Vella, Piero Picci, Massimo Serra",Expert opinion on drug metabolism & toxicology,2017,"ABSTRACT Introduction: Antifolates are structural analogs of folates, which have been used as antitumor drugs for more than 60 years. The antifolate drug most commonly used for treating human tumors is methotrexate (MTX), which is utilized widely in first-line treatment protocols of high-grade osteosarcoma (HGOS). In addition to MTX, two other antifolates, trimetrexate and pemetrexed, have been tested in clinical settings for second-line treatment of recurrent HGOS with patients unfortunately showing modest activity. Areas covered: There is clinical evidence which suggsest that, like other chemotherapeutic agents, not all HGOS patients are equally responsive to antifolates and do not have the same susceptibility to experience adverse drug-related toxicities. Here, we summarize the pharmacogenomic information reported so far for genes involved in antifolate metabolism and transport and in MTX-related toxicity in HGOS patients. Expert opinion: Identification and validation of genetic biomarkers that significantly impact clinical antifolate treatment response and related toxicity may provide the basis for a future treatment modulation based on the pharmacogenetic and pharmacogenomic features of HGOS patients.",4e252dc2-912b-4638-a40f-bd0e30450bfe,20,67,https://pubmed.ncbi.nlm.nih.gov/27758143
10.1097/FPC.0B013E3283528217,Genetic association analysis of transporters identifies ABCC2 loci for seizure control in women with epilepsy on first-line antiepileptic drugs,"Sandeep Grover, Mandaville Gourie‐Devi, Kiran Bala, Sangeeta Sharma, Ritushree Kukreti",Pharmacogenetics and genomics,2012,"ObjectiveThe ATP-binding cassette (ABC) superfamily of transporters is known to efflux antiepileptic drugs (AEDs) primarily in the brain, gastrointestinal tract, liver, and kidneys. In addition, they are also known to be involved in estrogen disposition and may modulate seizure susceptibility and drug response. The objective of the present study was to investigate the role of genetic variants from ABC transporters in seizure control in epilepsy patients treated with monotherapy of first-line AEDs for 12 months. MethodsOn the basis of gene coverage and functional significance, a total of 98 single nucleotide polymorphisms from ABCB1, ABCC1, and ABCC2 were genotyped in 400 patients from North India. Of these, 216 patients were eligible for therapeutic assessment. Genetic variants were compared between the ‘no-seizures’ and the ‘recurrent-seizures’ groups. Bonferroni corrections for multiple comparisons and adjustment for covariates were performed before assessment of associations. ResultsFunctionally relevant promoter polymorphisms from ABCC2: c.−1549G>A and c.−1019A>G either considered alone or in haplotype and diplotype combinations were observed for a significant association with seizure control in women (odds ratio>3.5, P<10−3, power>95%). Further, low protein-expressing CGT and TGT (c.−24C>T, c.1249G>A, c.3972C>T) haplotypes were always observed to be present in combination with the AG (c.−1549G>A, c.−1019A>G) haplotype that was over-represented in women with ‘no seizures’. ConclusionThe distribution of the associated variants supports the involvement of ABCC2 in controlling seizures in women possibly by lowering of its expression. The biological basis of this finding could be an altered interaction of ABCC2 with AEDs and estrogens. These results necessitate replication in a larger pool of patients.",5028306e-844a-45f9-b8a3-ca675cc71aec,30,53,https://pubmed.ncbi.nlm.nih.gov/22565165
10.3892/BR.2014.272,Screening for 392 polymorphisms in 141 pharmacogenes.,"Jason Yongha Kim, Hyun Sub Cheong, Tae-Joon Park, Hee Jung Shin, Doo-Won Seo, Han Sung Na, Myeon Woo Chung, Hyoung Doo Shin",Biomedical reports,2014,"Pharmacogenomics is the study of the association between inter-individual genetic differences and drug responses. Researches in pharmacogenomics have been performed in compliance with the use of several genotyping technologies. In this study, a total of 392 single-nucleotide polymorphisms (SNPs) located in 141 pharmacogenes, including 21 phase I, 13 phase II, 18 transporter and 5 modifier genes, were selected and genotyped in 150 subjects using the GoldenGate assay or the SNaPshot technique. These variants were in Hardy-Weinberg equilibrium (HWE) (P>0.05), except for 22 SNPs. Genotyping of the 392 SNPs revealed that the minor allele frequencies of 47 SNPs were <0.05, 105 SNPs were monomorphic and 22 variants were not in HWE. Also, based on previous studies, we predicted the association between the polymorphisms of certain pharmacogenes, such as cytochrome P450 2D6, cytochrome P450 2C9, vitamin K epoxide reductase complex, subunit 1, cytochrome P450 2C19, human leukocyte antigen, class I, B and thiopurine S-methyltransferase, and drug efficacy. In conclusion, our study demonstrated the allele distribution of SNPs in 141 pharmacogenes as determined by high-throughput screening. Our results may be helpful in developing personalized medicines by using pharmacogene polymorphisms.",4438d3b2-186c-4e79-9da4-0a9994c7ac0b,18,57,https://pubmed.ncbi.nlm.nih.gov/24944790
10.1111/CTS.13370,Pharmacogenetics of taxane‐induced neurotoxicity in breast cancer: Systematic review and meta‐analysis,"Alberto Güijosa, Ana Freyria, José Rodrigo Espinosa Fernández, Francisco Javier Estrada-Mena, Ana Sofía Armenta‐Quiroga, Maria Fernanda Ortega‐Treviño, Rodrigo Catalán, Bani Antonio‐Aguirre, Cynthia Villarreal‐Garza, Andric Pérez-Ortíz",Clinical and translational science,2022,"Taxane‐based chemotherapy regimens are used as first‐line treatment for breast cancer. Neurotoxicity, mainly taxane‐induced peripheral neuropathy (TIPN), remains the most important dose‐limiting adverse event. Multiple genes may be associated with TIPN; however, the strength and direction of the association remain unclear. For this reason, we systematically reviewed observational studies of TIPN pharmacogenetic markers in breast cancer treatment. We conducted a systematic search of terms alluding to breast cancer, genetic markers, taxanes, and neurotoxicity in Ovid, ProQuest, PubMed, Scopus, Virtual Health, and Web of Science. We assessed the quality of evidence and bias profile. We extracted relevant variables and effect measures. Whenever possible, we performed random‐effects gene meta‐analyses and examined interstudy heterogeneity with meta‐regression models and subgroup analyses. This study follows the Preferred Reporting Items for Systematic Reviews and Meta‐Analyses (PRISMA) and STrengthening the REporting of Genetic Association Studies (STREGA) reporting guidance. A total of 42 studies with 19,431 participants were included. These evaluated 262 single‐nucleotide polymorphisms (SNPs) across 121 genes. We conducted meta‐analyses on 23 genes with 60 SNPs (19 studies and 6246 participants). Thirteen individual SNPs (ABCB1‐rs2032582, ABCB1‐rs3213619, BCL6/‐rs1903216, /CAND1‐rs17781082, CYP1B1‐rs1056836, CYP2C8‐rs10509681, CYP2C8‐rs11572080, EPHA5‐rs7349683, EPHA6‐rs301927, FZD3‐rs7001034, GSTP1‐rs1138272, TUBB2A‐rs9501929, and XKR4‐rs4737264) and the overall SNPs' effect in four genes (CYP3A4, EphA5, GSTP1, and SLCO1B1) were statistically significantly associated with TIPN through meta‐analysis. In conclusion, through systematic review and meta‐analysis, we found that polymorphisms, and particularly 13 SNPs, are associated with TIPN, suggesting that genetics does play a role in interindividual predisposition. Further studies could potentially use these findings to develop individual risk profiles and guide decision making.",75f88287-1718-412c-b687-79cd38c6461c,17,109,https://pubmed.ncbi.nlm.nih.gov/35892315
10.1111/CTS.12915,Role for Drug Transporters in Chemotherapy‐Induced Peripheral Neuropathy,"Tore Bjerregaard Stage, Shuiying Hu, Alex Sparreboom, Deanna L. Kroetz",Clinical and Translational Science,2021,"Chemotherapy‐induced peripheral neuropathy (CIPN) is a common and dose‐limiting toxicity to widely used chemotherapeutics. Although the exact molecular mechanism of chemotherapy‐induced peripheral neuropathy remains elusive, there is consensus that it is caused by damage to the peripheral nervous system leading to sensory symptoms. Recently developed methodologies have provided evidence of expression of drug transporters in the peripheral nervous system. In this literature review, we explore the role for drug transporters in CIPN. First, we assessed the transport of chemotherapeutics that cause CIPN (taxanes, platins, vincristine, bortezomib, epothilones, and thalidomide). Second, we cross‐referenced the transporters implicated in genetic or functional studies with CIPN with their expression in the peripheral nervous system. Several drug transporters are involved in the transport of chemotherapeutics that cause peripheral neuropathy and particularly efflux transporters, such as ABCB1 and ABCC1, are expressed in the peripheral nervous system. Previous literature has linked genetic variants in efflux transporters to higher risk of peripheral neuropathy with the taxanes paclitaxel and docetaxel and the vinca alkaloid vincristine. We propose that this might be due to accumulation of the chemotherapeutics in the peripheral nervous system due to reduced neuronal efflux capacity. Thus, concomitant administration of efflux transporter inhibitors may lead to higher risk of adverse events of drugs that cause CIPN. This might prove valuable in drug development where screening new drugs for neurotoxicity might also require drug transporter consideration. There are ongoing efforts targeting drug transporters in the peripheral nervous system to reduce intraneuronal concentrations of chemotherapeutics that cause CIPN, which might ultimately protect against this dose‐limiting adverse event.",28d1bf77-1c05-468e-a5e7-f78bb95ea4c8,38,81,https://pubmed.ncbi.nlm.nih.gov/33142018
10.3390/BIOLOGY12091156,"Influence of Metabolic, Transporter, and Pathogenic Genes on Pharmacogenetics and DNA Methylation in Neurological Disorders","Olaia Martínez-Iglesias, Vinogran Naidoo, Iván Carrera, Juan C. Carril, Natalia Cacabelos, Ramón Cacabelos",Biology,2023,"Simple Summary The prevalence of neurodegenerative disorders has increased, yet reliable, pre-symptomatic biomarkers for early detection and subsequent preventive interventions remain elusive. The aim of our study was to understand the interplay between DNA methylation, a crucial biological process that modifies DNA activity, genetic composition, and the impact of drugs on neurodegenerative diseases. We distinguished two patient groups based on their DNA methylation levels and found unique drug-response patterns and gene-interaction dynamics within each group. These variations in gene interactions produced differential treatment responses that correlated with temporal changes in DNA methylation. Our findings highlight the critical role of specific genes, including CYP1A2, CYP2E1, CHAT, and various transporter genes, in shaping DNA methylation and treatment outcomes. Moreover, gene variants such as APOE and NBEA influenced disease progression and treatment response. The complexity of these interactions was further underscored by the varied responses of other genes such as the drug metabolizing genes CYP4F2, NAT2, and COMT. Our study highlights the potential of precision medicine in managing neurodegenerative disorders by tailoring treatments to individual genetic and epigenetic profiles. By deepening our understanding of these interactions, we can potentially improve treatment efficacy, thereby reducing the societal burden of neurodegenerative diseases. Abstract Pharmacogenetics and DNA methylation influence therapeutic outcomes and provide insights into potential therapeutic targets for brain-related disorders. To understand the effect of genetic polymorphisms on drug response and disease risk, we analyzed the relationship between global DNA methylation, drug-metabolizing enzymes, transport genes, and pathogenic gene phenotypes in serum samples from two groups of patients: Group A, which showed increased 5-methylcytosine (5mC) levels during clinical follow-up, and Group B, which exhibited no discernible change in 5mC levels. We identified specific SNPs in several metabolizing genes, including CYP1A2, CYP2C9, CYP4F2, GSTP1, and NAT2, that were associated with differential drug responses. Specific SNPs in CYP had a significant impact on enzyme activity, leading to changes in phenotypic distribution between the two patient groups. Group B, which contained a lower frequency of normal metabolizers and a higher frequency of ultra-rapid metabolizers compared to patients in Group A, did not show an improvement in 5mC levels during follow-up. Furthermore, there were significant differences in phenotype distribution between patient Groups A and B for several SNPs associated with transporter genes (ABCB1, ABCC2, SLC2A9, SLC39A8, and SLCO1B1) and pathogenic genes (APOE, NBEA, and PTGS2). These findings appear to suggest that the interplay between pharmacogenomics and DNA methylation has important implications for improving treatment outcomes in patients with brain-related disorders.",a6721890-eb9d-4e89-b7c8-9a27c9f4d4ec,5,94,https://pubmed.ncbi.nlm.nih.gov/37759556
10.1186/S12885-022-10434-5,Pharmacogenetics of chemotherapy treatment response and -toxicities in patients with osteosarcoma: a systematic review,"Evelien G. E. Hurkmans, Annouk C. A. M. Brand, Job A.J. Verdonschot, D. Maroeska W. M. te Loo, Marieke J H Coenen,  Evelien G. E. Hurkmans,  Annouk C. A. M. Brand,  Job A. J. Verdonschot,  D. Maroeska W. M. te Loo,  Marieke J H Coenen",BMC Cancer,2022,"Abstract Background Osteosarcoma is the most common bone tumor in children and adolescents. Despite multiagent chemotherapy, only 71% of patients survives and these survivors often experience long-term toxicities. The main objective of this systematic review is to provide an overview of the discovery of novel associations of germline polymorphisms with treatment response and/or chemotherapy-induced toxicities in osteosarcoma. Methods MEDLINE and Embase were systematically searched (2010-July 2022). Genetic association studies were included if they assessed &gt; 10 germline genetic variants in &gt; 5 genes in relevant drug pathways or if they used a genotyping array or other large-scale genetic analysis. Quality was assessed using adjusted STrengthening the REporting of Genetic Association studies (STREGA)-guidelines. To find additional evidence for the identified associations, literature was searched to identify replication studies. Results After screening 1999 articles, twenty articles met our inclusion criteria. These range from studies focusing on genes in relevant pharmacokinetic pathways to whole genome sequencing. Eleven articles reported on doxorubicin-induced cardiomyopathy. For seven genetic variants in CELF4 , GPR35 , HAS3 , RARG , SLC22A17 , SLC22A7 and SLC28A3 , replication studies were performed, however without consistent results. Ototoxicity was investigated in one study. Five small studies reported on mucosistis or bone marrow, nephro- and/or hepatotoxicity. Six studies included analysis for treatment efficacy. Genetic variants in ABCC3 , ABCC5 , FasL , GLDC , GSTP1 were replicated in studies using heterogeneous efficacy outcomes. Conclusions Despite that results are promising, the majority of associations were poorly reproducible due to small patient cohorts. For the future, hypothesis-generating studies in large patient cohorts will be necessary, especially for cisplatin-induced ototoxicity as these are largely lacking. In order to form large patient cohorts, national and international collaboration will be essential.",46b369a2-362f-42d9-aa6a-666a0b0df099,16,130,https://pubmed.ncbi.nlm.nih.gov/36536332
10.1002/CPT.3236,"Genome‐Wide Association Study of Atorvastatin Pharmacokinetics: Associations With SLCO1B1, UGT1A3, and LPP","Anssi J. H. Mykkänen, E Tarkiainen, Suvi Taskinen, Mikko Neuvonen, M. Paile-Hyvärinen, Tuomas O. Lilius, Tuija Tapaninen, Kathrin Klein, Matthias Schwab, Janne T. Backman, Aleksi Tornio, Mikko Niemi",Clinical pharmacology and therapy,2024,"In a genome‐wide association study of atorvastatin pharmacokinetics in 158 healthy volunteers, the SLCO1B1 c.521T>C (rs4149056) variant associated with increased area under the plasma concentration‐time curve from time zero to infinity (AUC0–∞) of atorvastatin (P = 1.2 × 10−10), 2‐hydroxy atorvastatin (P = 4.0 × 10−8), and 4‐hydroxy atorvastatin (P = 2.9 × 10−8). An intronic LPP variant, rs1975991, associated with reduced atorvastatin lactone AUC0–∞ (P = 3.8 × 10−8). Three UGT1A variants linked with UGT1A3*2 associated with increased 2‐hydroxy atorvastatin lactone AUC0–∞ (P = 3.9 × 10−8). Furthermore, a candidate gene analysis including 243 participants suggested that increased function SLCO1B1 variants and decreased activity CYP3A4 variants affect atorvastatin pharmacokinetics. Compared with individuals with normal function SLCO1B1 genotype, atorvastatin AUC0–∞ was 145% (90% confidence interval: 98‐203%; P = 5.6 × 10−11) larger in individuals with poor function, 24% (9‐41%; P = 0.0053) larger in those with decreased function, and 41% (16‐59%; P = 0.016) smaller in those with highly increased function SLCO1B1 genotype. Individuals with intermediate metabolizer CYP3A4 genotype (CYP3A4*2 or CYP3A4*22 heterozygotes) had 33% (14‐55%; P = 0.022) larger atorvastatin AUC0–∞ than those with normal metabolizer genotype. UGT1A3*2 heterozygotes had 16% (5‐25%; P = 0.017) smaller and LPP rs1975991 homozygotes had 34% (22‐44%; P = 4.8 × 10−5) smaller atorvastatin AUC0‐∞ than noncarriers. These data demonstrate that genetic variation in SLCO1B1, UGT1A3, LPP, and CYP3A4 affects atorvastatin pharmacokinetics. This is the first study to suggest that LPP rs1975991 may reduce atorvastatin exposure. [Correction added on 6 April, after first online publication: An incomplete sentence (“= 0.017) smaller in heterozygotes for UGT1A3*2 and 34% (22%, 44%; P × 10−5) smaller in homozygotes for LPP noncarriers.”) has been corrected in this version.]",a5b4508c-2ee9-402e-bacf-28dc9fce7a58,14,53,https://pubmed.ncbi.nlm.nih.gov/38493369
10.1038/CLPT.2013.143,Association of CYP2C9*2 with bosentan-induced liver injury.,"Svetlana Markova, Teresa De Marco, Nasrine Bendjilali, E. Kobashigawa, Joel Mefford, Jasleen K. Sodhi, H. Le, C. Zhang, Jason Halladay, Allan E. Rettie, S. Cyrus Khojasteh, Dana McGlothlin, Alan H.B. Wu, W.C. Hsueh, John Witte, Janice B. Schwartz, Deanna L. Kroetz",Clinical Pharmacology & Therapeutics,2013,"Bosentan (Tracleer) is an endothelin receptor antagonist prescribed for the treatment of pulmonary arterial hypertension (PAH). Its use is limited by drug-induced liver injury (DILI). To identify genetic markers of DILI, association analyses were performed on 56 Caucasian PAH patients receiving bosentan. Twelve functional polymorphisms in five genes (ABCB11, ABCC2, CYP2C9, SLCO1B1, and SLCO1B3) implicated in bosentan pharmacokinetics were tested for associations with alanine aminotransferase (ALT), aspartate aminotransferase (AST), and DILI. After adjusting for body mass index, CYP2C9*2 was the only polymorphism associated with ALT, AST, and DILI (β = 2.16, P = 0.024; β = 1.92, P = 0.016; odds ratio 95% CI = 2.29-∞, P = 0.003, respectively). Bosentan metabolism by CYP2C9*2 in vitro was significantly reduced compared with CYP2C9*1 and was comparable to that by CYP2C9*3. These results suggest that CYP2C9*2 is a potential genetic marker for prediction of bosentan-induced liver injury and warrants investigation for the optimization of bosentan treatment.",9d5b5015-1b5c-4b36-92f0-3739bdb06c1e,67,58,https://pubmed.ncbi.nlm.nih.gov/23863877
10.1080/00498254.2025.2508814,Genetic polymorphisms of ABCC2 and CBR3 can influence the efficacy and toxicity of doxorubicin therapy in Egyptian patients with non-Hodgkin lymphoma,"H. A. Elmekawy,  Khaled Abdelkawy,  Galal Magdy,  Emad Sadaka,  Gamal A. El-Azab,  Ahmed Ali,  Noha M. El-Khodary,  Fawzy Elbarbry",Xenobiotica,2025,"This study investigated the impact of single nucleotide polymorphisms (SNPs) in genes involved in doxorubicin (DOX) transport and metabolism on clinical outcomes and toxicity in Egyptian patients with non-Hodgkin lymphoma. Ninety-two patients received at least six DOX treatment cycles. SNP genotyping was performed using real-time PCR with high-resolution melting analysis. Laboratory tests were conducted at baseline, during, and after treatment. The AA genotype of ABCC2 (rs8187710) showed the strongest association with elevated DOX plasma levels and a significantly increased risk of acute cardiotoxicity (OR 26.9; 95% CI: 1.47-492; p = 0.026). The GA genotype was linked to a lower complete response rate and increased risks of leukopenia (OR 2.66; 95% CI: 1.07-6.61; p = 0.034) and lymphocytopenia (OR 10; 95% CI: 3.57-27.9; p < 0.0001), with intermediate peak DOX levels. For CBR3 (rs8133052), the GA genotype was significantly associated with a higher risk of anemia (OR 3.5; 95% CI: 1.05-11.7; p = 0.042), acute cardiotoxicity (OR 4.4; 95% CI: 1.86-11.5; p = 0.002), cardiac-related symptoms, and higher peak plasma DOX levels, along with reduced complete response. Polymorphisms in ABCC2 and CBR3 genes may contribute to individual variability in DOX-related toxicity and treatment response.",85dae1f3-65de-4282-bf3a-867a6939b564,0,44,https://pubmed.ncbi.nlm.nih.gov/40402555
10.1161/CIRCULATIONAHA.114.001382,Pharmacogenomics: Personalizing Pediatric Heart Transplantation,"Sara L. Van Driest, Steven A. Webber",Circulation,2015,"503 In recent years, outcomes for pediatric cardiac transplantation (PCTx) have steadily improved, with current 5-year overall survival rates estimated at 83%. This progress may be attributed to improvements in pretransplantation management, selection of donor hearts, surgical technique, prevention and treatment of rejection, and minimization of treatment-related adverse events. Despite these advances, children who receive cardiac transplants experience significant morbidity and mortality, and there is considerable variability in outcomes, much of which cannot be explained by known clinical risk factors. One source of interindividual variability is genetic variation in the host. There is growing evidence that genomic variation leads to differences in immune response, response to therapies, and susceptibility to adverse outcomes such as malignancy and infection. This review will focus on the effect of variation in genes that encode enzymes, transporters, and drug target molecules that influence drug response. After review of the foundational principles of pharmacogenomics, evidence for the pharmacogenomic effects on cyclosporine, tacrolimus, azathioprine, mycophenolate mofetil (MMF), and the mammalian target of rapamycin (mTOR) inhibitors sirolimus and everolimus will be reviewed and clinical implications of these findings discussed. Given the limited nature of evidence from studies of PCTx patients, support will also be drawn from non-PCTx research and pediatric renal transplantation. Genetic studies of nonpharmacogenes such as those in immunomodulatory pathways and variation in the donor genotype may contribute to risk prediction but are beyond the scope of this review.",73453d06-98f1-4cfd-9456-fc5929afffb3,11,67,https://pubmed.ncbi.nlm.nih.gov/25645611
10.2217/PGS-2016-0036,Pharmacogenetics of anthracyclines.,"Judit C. Sági, Nóra Kutszegi, Andrea Kelemen, Lili Fodor, András Gézsi, Gábor Kovács, Dániel J. Erdélyi, Csaba Szalai, Ágnes F. Semsei",Pharmacogenomics,2016,"Anthracyclines constitute a fundamental part of the chemotherapy regimens utilized to treat a number of different malignancies both in pediatric and adult patients. These drugs are one of the most efficacious anticancer agents ever invented. On the other hand, anthracyclines are cardiotoxic. Childhood cancer survivors treated with anthracyclines often undergo cardiac complications which are influenced by genetic variations of the patients. The scientific literature comprises numerous investigations in the subject of the pharmacogenetics of anthracyclines. In this review, we provide a comprehensive overview of this research topic. Genetic variants are proposed targets in the personalized treatment in order to individualize dosing and therefore reduce side effects.",4880542d-4852-4476-9021-235876bc795a,20,64,https://pubmed.ncbi.nlm.nih.gov/27266419
10.3748/WJG.V21.I41.11552,"Genetic, metabolic and environmental factors involved in the development of liver cirrhosis in Mexico.","Omar Ramos‐Lopez,  E. Martínez-López,  S. Roman,  N. Fierro,  A. Panduro",World journal of gastroenterology,2015,"Liver cirrhosis (LC) is a chronic illness caused by inflammatory responses and progressive fibrosis. Globally, the most common causes of chronic liver disease include persistent alcohol abuse, followed by viral hepatitis infections and nonalcoholic fatty liver disease. However, regardless of the etiological factors, the susceptibility and degree of liver damage may be influenced by genetic polymorphisms that are associated with distinct ethnic and cultural backgrounds. Consequently, metabolic genes are influenced by variable environmental lifestyle factors, such as diet, physical inactivity, and emotional stress, which are associated with regional differences among populations. This Topic Highlight will focus on the genetic and environmental factors that may influence the metabolism of alcohol and nutrients in the setting of distinct etiologies of liver disease. The interaction between genes and environment in the current-day admixed population, Mestizo and Native Mexican, will be described. Additionally, genes involved in immune regulation, insulin sensitivity, oxidative stress and extracellular matrix deposition may modulate the degree of severity. In conclusion, LC is a complex disease. The onset, progression, and clinical outcome of LC among the Mexican population are influenced by specific genetic and environmental factors. Among these are an admixed genome with a heterogenic distribution of European, Amerindian and African ancestry; a high score of alcohol consumption; viral infections; a hepatopathogenic diet; and a high prevalence of obesity. The variance in risk factors among populations suggests that intervention strategies directed towards the prevention and management of LC should be tailored according to such population-based features.",36d1df00-4b61-4112-95fb-6fbdec61fe9d,69,202,https://pubmed.ncbi.nlm.nih.gov/26556986
10.1016/J.DRUDIS.2016.06.022,The role of pharmacogenetics in the treatment of osteosarcoma,"Hanneke I. Vos, Marieke J H Coenen, Henk‐Jan Guchelaar, D. Maroeska W. M. te Loo",Drug Discovery Today,2016,"In osteosarcoma, large variation is observed in the efficacy and toxicity of chemotherapeutic drugs among similarly treated patients. Treatment optimization using predictive factors or algorithms is of importance, because there has been a lack of improvement of treatment outcome and survival for decades. The outcome of cancer treatment is influenced by the genome, thus studying genetic variants involved in the efficacy and toxicity of the chemotherapeutic drugs used in the treatment of osteosarcoma could be an opportunity to optimize current treatments and improve our understanding of the individual's drug response in osteosarcoma patients. This review discusses the current insights in the pharmacogenetics of the treatment response of osteosarcoma patients regarding efficacy and toxicity, and implications for future research and treatment.",eb952731-bb60-41f9-ba77-058c35e87494,69,95,https://pubmed.ncbi.nlm.nih.gov/27352631
10.3390/CARDIOGENETICS15020018,Systematic Review of Pharmacogenetics of Immunosuppressants in Heart Transplantation,"T. Palanques-Pastor, Mireya Fernández-Sánchez, Eduardo Guerrero-Hurtado, Maite Gil-Candel, M. Centelles-Oria, J. García-Pellicer",Cardiogenetics,2025,"The standard immunosuppressive treatments in heart transplantation are calcineurin inhibitors, corticosteroids, and antimetabolite agents or inhibitors of the mammalian target of rapamycin. Pharmacogenetic studies show the impact on clinical course of genetic variability in genes that encode transporters, metabolizers, or molecular targets of immunosuppressants. The aim of this systematic review is to elucidate the role that pharmacogenetics of immunosuppressant drugs plays in clinical outcomes upon heart transplantation. PubMed, EMBASE, the Cochrane Central Register, and the Database of Abstracts of Reviews of Effects were searched without restrictions. The 64 studies analyzed followed these criteria: (1) were based on clinical data on heart transplantation patients; (2) analyzed the associations between polymorphisms and clinical response; (3) analyzed the impact of polymorphisms on immunosuppressant safety. CYP3A4/5 variants were associated with higher doses of tacrolimus, whereas POR*28 variants with lower doses—ABCB1, ABCC2, SLCO1B1, and SLC13A1—contribute to interindividual variability in drug absorption, distribution, and toxicity. An ABCC2 polymorphism (rs717620) was related to higher risk of graft rejection in pediatrics. Variations in HLA-G, TNF-α and TGF-β genes influence transplant rejection risk and immune response. Implementing pharmacogenetic screening of polymorphisms could enhance therapeutic outcomes by improving drug efficacy, reducing toxicity, and ultimately increasing heart graft survival rates. Strong evidence supports genotyping for CYP3A5 and TPMT, but further research is required for transporter genes and cytokine polymorphisms.",0f186c8d-cd51-44fa-95f9-1520b3f18f5a,1,62,(missing PubMedId)
10.3390/IJMS19030868,ABC Transporters and Their Role in the Neoadjuvant Treatment of Esophageal Cancer,"David Vrána, Viktor Hlaváč,  Veronika Brynychova, Radka Václavíková, Neoral C, Jiří Vrba, R Aujeský, Marcel Matzenauer, Bohuslav Melichar, Pavel Souček",International Journal of Molecular Sciences,2018,"The prognosis of esophageal cancer (EC) is poor, despite considerable effort of both experimental scientists and clinicians. The tri-modality treatment consisting of neoadjuvant chemoradiation followed by surgery has remained the gold standard over decades, unfortunately, without significant progress in recent years. Suitable prognostic factors indicating which patients will benefit from this tri-modality treatment are missing. Some patients rapidly progress on the neoadjuvant chemoradiotherapy, which is thus useless and sometimes even harmful. At the same time, other patients achieve complete remission on neoadjuvant chemoradiotherapy and subsequent surgery may increase their risk of morbidity and mortality. The prognosis of patients ranges from excellent to extremely poor. Considering these differences, the role of drug metabolizing enzymes and transporters, among other factors, in the EC response to chemotherapy may be more important compared, for example, with pancreatic cancer where all patients progress on chemotherapy regardless of the treatment or disease stage. This review surveys published literature describing the potential role of ATP-binding cassette transporters, the genetic polymorphisms, epigenetic regulations, and phenotypic changes in the prognosis and therapy of EC. The review provides knowledge base for further research of potential predictive biomarkers that will allow the stratification of patients into defined groups for optimal therapeutic outcome.",40b3dc9b-2280-4b0b-a01a-b2842514e991,28,189,https://pubmed.ncbi.nlm.nih.gov/29543757
10.1080/17425255.2017.1391214,Pharmacogenetic considerations for HIV treatment in different ethnicities: an update,"Megan Neary, Andrew Owen",Expert opinion on drug metabolism & toxicology,2017,"ABSTRACT Introduction: Variations in the human genome sequence sometimes play an important role in pharmacokinetics and/or pharmacodynamics. Previous studies have demonstrated a high degree of variation both between and within different ethnic populations. Areas covered: This review sought to summarize key SNPs in CYP2B6, CYP3A enzymes, CYP2C enzymes, UGT2 enzymes, ABCB1, ABCC2, SLCO1B1, NR1I2, and NR1I3 that have previously been associated with variability in antiretroviral pharmacokinetics. Additionally, the impact of ethnicity in these pharmacogenetics studies is discussed, and variation in findings between different ethnic groups is reviewed. A literature search of relevant published work was conducted between April 2017 and September 2017 utilizing the following databases: PubMed, Google Scholar, Web of Science, and Ensembl. Keywords used included drug name, rs (SNP identifier) number, and known effect (if applicable). This report highlights the variation observed between different ethnic populations and subsequently the importance of stratification within pharmacogenetic studies. Expert opinion: Utilization of these findings in future pharmacogenetics studies would aid in the understanding of the extent and impact of genetic variants in different populations and the consequences this has for achieving sustained virological response to antiretroviral therapy.",059c1870-b203-4e93-b8f3-3c11ae9fdb07,13,145,https://pubmed.ncbi.nlm.nih.gov/28994310
10.5772/63071,Pharmacogenetics of Immunosuppressants in Solid Organ Transplantation: Time to Implement in the Clinic,"Marí­a José Herrero, Juan Eduardo Megías‐Vericat, Virginia Bosó, Jesus Ruiz Ramos, Luis Rojas, Ignacio Sánchez‐Lázaro, Luis Amenar, Julio Hernández, José Luís Poveda, A. Pastor, Amparo Solé",(missing journal),2016,"Our aim in this chapter is to present the state of the art, including our own group research, in the field of immunosuppressant pharmacogenetics in the four main types of solid organ transplantation: kidney, heart, lung, and liver. The main focus will be on those findings in the field that have been widely investigated and then in those that are close to clinical implementation, mainly CYP3A5 genotyping for the adjustment of the initial tacrolimus dose. This recommendation will be discussed in more detail, explaining its clinical potential as well as its limitations. To end, a short opinion about the feasibility of implementation in the health systems as well as discussion about private companies selling pharmacogenetic tests will be presented.",fc75a01c-bfc8-4b2e-b535-c3c21d714e19,0,173,(missing PubMedId)
(missing DOI),Supplemental Digital Content 2–Additional Methods,"SN Škegro, L Penezić, L Šimičević, T Hudolin… - cdn-links.lww.com",(missing journal),(missing year),"Donor & recipient characteristics, transplantation & peritransplantation-related factors:(i) donor’s age, health status, whether living (related/unrelated) or cadaveric donation;(ii) recipient’…",ga_32,0,0,(missing PubMedId)
10.14309/CTG.0000000000000302,Clinical and Genetic Risk Factors of Recurrent Nonalcoholic Fatty Liver Disease After Liver Transplantation.,"Sanjaya K. Satapathy, Quynh T. Tran, Alexander J. Kovalic, Sai Vineela Bontha, Yu Jiang, Satish Kedia, Saradashri Karri, Vamsee Mupparaju, Pradeep S. B. Podila, Rajanshu Verma, Daniel G. Maluf, Valeria R. Mas, Satheesh Nair, James D. Eason, Dave Bridges, David E. Kleiner",Clinical and translational gastroenterology,2021,"Introduction  Nonalcoholic fatty liver disease (NAFLD) has been increasingly reported among recipients of liver transplantation (LT). We aimed to identify clinical and genetic risk factors responsible for the development of early recurrent NAFLD in nonalcoholic steatohepatitis transplant recipients.  Methods  Forty-six total single nucleotide polymorphisms with known association with NAFLD were tested among both recipient and donor liver samples in 66 LT recipients with nonalcoholic steatohepatitis to characterize influences on NAFLD recurrence at ∼1 year post-LT (median interval from LT to biopsy: 377 days).  Results  Recurrent NAFLD was identified in 43 (65.2%) patients, 20 (30.3%) with mild recurrence, and 23 (34.8%) with moderate to severe NAFLD. On adjusted analysis, change in the body mass index (BMI) (ΔBMI) was significantly associated with NAFLD recurrence, whereas post-LT diabetes mellitus was associated with increased severity of NAFLD recurrence. ADIPOR1 rs10920533 in the recipient was associated with increased risk of moderate to severe NAFLD recurrence, whereas the minor allele of SOD2 rs4880 in the recipient was associated with reduced risk. Similar reduced risk was noted in the presence of donor SOD2 rs4880 and HSD17B13 rs6834314 polymorphism.  Discussion  Increased BMI post-LT is strongly associated with NAFLD recurrence, whereas post-LT diabetes mellitus was associated with increased severity of NAFLD recurrence. Both donor and recipient SOD2 rs4880 and donor HSD17B13 rs6834314 single nucleotide polymorphisms may be associated with reduced risk of early NAFLD recurrence, whereas presence of the minor allele form of ADIPOR1 rs10920533 in the recipient is associated with increased severity NAFLD recurrence.",b32fe251-87cc-440a-83ac-cbccd7ceb1bd,20,52,https://pubmed.ncbi.nlm.nih.gov/33555168
(missing DOI),"Association study of genetic polymorphisms of drug transporters, SLCO1B1, SLCO1B3 and ABCC2, in African-Americans, Hispanics and Caucasians and olmesartan …","E Seiko, F Aiko, T Shinya, S Akira…",Journal of Human …,2012,"It has been reported that organic anion-transporting polypeptide (OATP) 1B1, OATP1B3 and multidrug resistance-associated protein 2 are involved in the hepatobiliary transport of …",ga_33,0,0,(missing PubMedId)
10.2298/SARH210813099R,The pharmacogenomics of vincristine-induced peripheral neuropathy in pediatric acute lymphoblastic leukemia patients in Serbia - a single center experience,"Bojan Ristivojević, Nikola Kotur, Biljana Stanković, Vladimir Gašić, Jelena Lazić, Sonja Pavlović, Branka Zukić",Srpski Arhiv Za Celokupno Lekarstvo,2021,"Introduction/Objective. Vincristine (VCR) is one of the key drugs in current treatment protocols for pediatric acute lymphoblastic leukemia (ALL). By destabilization of microtubules, VCR arrests cells in metaphase, inducing apoptosis of malignant cells. VCR also causes axonal degradation and impairment of axonal transport, which leads to vincristine-induced peripheral neuropathy (VIPN). This study aimed to investigate association of five variants in pharmacogenes involved in VCR metabolism with VIPN in Serbian ALL children. We wanted to discover candidate pharmacogenomic markers of VIPN in Serbian population, too. Methods. PCR and sequencing-based methodology was used to detect variants in CYP3?5, CEP72, ACTG1, MIR3117 and MIR4481 genes. Statistical analyses were performed for investigation of their association with VIPN in 56 pediatric ALL patients. Population VCR pharmacogenomics analysis of 17 pharmacogenes from in-house next-generation sequencing data was also done. Data on allele frequency distribution for European population were extracted from public databases. Results. During the treatment, 17.86% of patients developed VIPN. Association analyses have shown that none of the genetic variants contributed to the occurrence of VIPN in our study. Population pharmacogenomics study didn?t reveal valid candidate pharmacovariants for VIPN. Our results suggested that pre-emptive pharmacogenetic testing for VCR is not applicable presently. Conclusion. More comprehensive approaches are needed to identify panel of genes that could explain the VIPN development after VCR administration in ALL patients. Utilizing better designed GWAS studies and more robust artificial intelligence-based tools would provide a panel of pharmacogenes for pre-emptive tests of VIPN to individualize therapy for ALL in children.",659d244f-7e17-4161-8a90-a97c846ae363,1,32,(missing PubMedId)
10.1002/MED.21838,Atremorine in Parkinson's disease: From dopaminergic neuroprotection to pharmacogenomics,"Ramón Cacabelos, Iván Carrera, Olaia Martínez, Ramón Alejo, L. Fernández‐Novoa, Pablo Cacabelos, Lola Corzo, Susana Rodrı́guez, Margarita Alcaraz, Laura Nebril, Iván Tellado, Natalia Cacabelos, Rocío Pego, Vinogran Naidoo, Juan C. Carril",Medicinal research reviews (Print),2021,"Atremorine is a novel bioproduct obtained by nondenaturing biotechnological processes from a genetic species of Vicia faba. Atremorine is a potent dopamine (DA) enhancer with powerful effects on the neuronal dopaminergic system, acting as a neuroprotective agent in Parkinson's disease (PD). Over 97% of PD patients respond to a single dose of Atremorine (5 g, p.o.) 1 h after administration. This response is gender‐, time‐, dose‐, and genotype‐dependent, with optimal doses ranging from 5 to 20 g/day, depending upon disease severity and concomitant medication. Drug‐free patients show an increase in DA levels from 12.14 ± 0.34 pg/ml to 6463.21 ± 1306.90 pg/ml; and patients chronically treated with anti‐PD drugs show an increase in DA levels from 1321.53 ± 389.94 pg/ml to 16,028.54 ± 4783.98 pg/ml, indicating that Atremorine potentiates the dopaminergic effects of conventional anti‐PD drugs. Atremorine also influences the levels of other neurotransmitters (adrenaline, noradrenaline) and hormones which are regulated by DA (e.g., prolactin, PRL), with no effect on serotonin or histamine. The variability in Atremorine‐induced DA response is highly attributable to pharmacogenetic factors. Polymorphic variants in pathogenic (SNCA, NUCKS1, ITGA8, GPNMB, GCH1, BCKDK, APOE, LRRK2, ACMSD), mechanistic (DRD2), metabolic (CYP2D6, CYP2C9, CYP2C19, CYP3A4/5, NAT2), transporter (ABCB1, SLC6A2, SLC6A3, SLC6A4) and pleiotropic genes (APOE) influence the DA response to Atremorine and its psychomotor and brain effects. Atremorine enhances DNA methylation and displays epigenetic activity via modulation of the pharmacoepigenetic network. Atremorine is a novel neuroprotective agent for dopaminergic neurons with potential prophylactic and therapeutic activity in PD.",9a8eb16b-45a8-416c-af0b-c3a614a83058,15,308,https://pubmed.ncbi.nlm.nih.gov/34106485
(missing DOI),Genetic factors associated with the presence and progression of nonalcoholic fatty liver disease : A narrative review,Gastroenterología y Hepatología,(missing journal),2013,(missing abstract),4f3a2d7a-01d6-4a51-9ad3-42048574587b,1,105,(missing PubMedId)
10.2217/PGS.13.90,Germline pharmacogenetics of paclitaxel for cancer treatment.,Daniel L. Hertz,Pharmacogenomics,2013,"Paclitaxel is a highly effective chemotherapeutic agent used in a variety of solid tumors. Some paclitaxel-treated patients experience the intended therapeutic response with manageable side effects, while others have minimal response and/or severe toxicity. This variability in treatment outcome is partially determined by variability in drug exposure (pharmacokinetics) and by patient and tumor sensitivity (pharmacodynamics). Both pharmacokinetics and pharmacodynamics are dictated in part by common variants in the germline genome, known as SNPs. This article reviews the published literature on paclitaxel pharmacogenetics in cancer, focusing primarily on polymorphisms in genes relevant to paclitaxel pharmacokinetics and discusses preliminary work on pharmacodynamic genes and genome-wide association studies.",95398bbb-a33e-4fdc-8d45-09f60be2e1be,32,99,https://pubmed.ncbi.nlm.nih.gov/23837481
(missing DOI),This article is protected by copyright. All rights reserved.,"SK Handelman, YM Puentes, A Kuppa, Y Chen, X Du…",Ann Arbor,(missing year),Background: Nonalcoholic fatty liver disease (NAFLD) is prevalent worldwide. NAFLD is associated with elevated serum triglycerides (TG) and low-density lipoprotein cholesterol (LDL) …,ga_36,0,0,(missing PubMedId)
10.1007/S40495-022-00304-W,Pathophysiological and Genetic Basis of Tenofovir-Induced Acute Renal Dysfunction: Strategies and Recent Developments for Better Clinical Outcomes,"Ayush Sharma, Prakash Kumar, Siddhartha Dutta, Rimple Jeet Kaur, Jaykaran Charan, Gaurav Chikara, Krishna Murti, Murali Kumarasamy, Madhan Ramesh, Krishna Pandey, V. Ravichandiran, Sameer Dhingra",Current Pharmacology Reports,2022,(missing abstract),854083ab-42aa-49d1-965c-d9540ea9bb94,0,89,(missing PubMedId)
10.1016/J.FSIGEN.2024.103218,"Tramadol-related fatalities: Metabolic ratios & SNPs/INDELs belonging to UGT1A8, UGT2B7, ABCC2, and SLC22A1.","Sanaa M. Aly, Naoual Sabaouni, Benjamin Hennart, Jean‐Michel Gaulier, Delphine Allorge",Forensic Science International: Genetics,2024,"Genetic polymorphism can cause variation in tramadol (TR) pharmacokinetic characteristics and the expected clinical response. In forensic toxicology, the data about parent and metabolite concentrations (MRs; metabolic ratios) could facilitate to determine the cause of death and to assess time between drug intake and death. In this study, the aim was to investigate if UGT1A8, UGT2B7, ABCC2, and SLC22A1 genotyping can facilitate interpretation by investigating the frequency of UGT1A8, UGT2B7, ABCC2, and SLC22A1 genotypes in forensic autopsy cases positive for TR and to assess whether there is a correlation between these genetic variants and MRs. Cases positive for TR (n = 48) were genotyped by HaloPlex Target Enrichment system for UGT1A8, UGT2B7, ABCC2, and SLC22A1 sequencing, in order to identify single nucleotide polymorphisms (SNPs) and/or insertion deletion (INDELs). In addition to, the concentrations of TR and its metabolites (M1 & M2) were determined by LC-MS/MS. Cases were categorized by cause of death. The investigated SNPs/INDELs were not overrepresented in any group. We found significant correlations between several loci (12 out of 73) in UGT1A8, ABCC2, and SLC22A1 genes and MRs (M2/M1, TR/M2, and TR/M1) in post-mortem TR cases. These results indicate these polymorphisms in the 4 investigated genes might influence TR pharmacokinetics leading to an unsatisfactory therapeutic effect or increasing the risk of toxicity. However, these findings should be supported in future studies with larger groups of cases.",6b4eac8b-291f-4eac-a70b-714f240fc303,1,37,https://pubmed.ncbi.nlm.nih.gov/39752799
10.17638/03027990,Assessment of the inter-individual variation observed between patients receiving HIV antiretroviral therapy,MG Neary,(missing journal),2018,"The WHO currently recommends tenofovir (TFV) disoproxil fumarate (TDF) or TFV alafenamide (TAF) as a preferred first-line antiretroviral therapy (ART) for the treatment and prevention of HIV. However, mild to moderate TFV-related renal toxicity is an uncommon but significant complication for TDF therapy. Efavirenz (EFV) is also approved for first line treatment, with the approval of a lower dose treatment, 600mg to 400mg, offering an opportunity for a greater number of patients to receive ART for the same amount of current public health expenditure, whilst enabling the maintenance of viral load suppression and partial mitigation of adverse events. However, EFV displays broad inter-patient and inter-population variability in its pharmacokinetics and displays a range of dose dependent adverse effects. In order to gain further understanding of the impact patient genetics has on response to ART, studies investigating the effect of single nucleotide polymorphisms (SNPs) within multi ethnic populations receiving either TFV or EFV were completed. Additional work was conducted to investigate potential drug-substrate interactions at the transporter level within proximal tubule cells (PTCs), and the ramifications this may have for diagnosis of renal impairment. This work was conducted through assessing the relationship between SNPs found within genes encoding transporters on the apical membrane of PTCs and a diagnosis of renal dysfunction, defined as kidney tubular dysfunction or chronic kidney disease within a Ghanaian population (Chapter 2). Additionally the association between pharmacogenetic variants linked to TDF metabolism or TFV excretion and TFV plasma and urine concentrations, in a majority Caucasian patient population, receiving TFV as part of their ART was investigated (Chapter 3). This thesis sought to assess whether SNPs in genes involved in EFV and nevirapine metabolism were linked to previously observed changes in the contraceptive subdermal implant levonorgestrels (LNG) pharmacokinetics, when prescribed alongside EFV, 19 within a Ugandan population (Chapter 6). In order to study the effect of transporter interactions at the site of TFV toxicity, the proximal tubule, a transiently transfected Human Embryonic Kidney 293 cell line overexpressing either multidrug and toxin extrusion protein (MATE) 1 or MATE2K was developed and assessed for correct functionality (Chapter 4). This cell line was then utilised for drug-substrate interaction studies between TAF and TFV and either the endogenous biomarker creatinine or the type 2 diabetes drug metformin (Chapter 5). These studies provided a greater understanding of the contribution pharmacogenetics provides to the interaction observed between EFV and LNG, and outlined a genetic association between TFV transporter SNPs and TFV plasma and urine concentrations. Utilisation of these findings in future pharmacogenetics studies would aid in the understanding of the impact of genetic variants in different populations, and the consequences this has for achieving sustained virological response to ART. The study of the effect of TAF and TFV on MATE1 and MATE2K transport of metformin and creatinine produced novel data on these interactions. Overall, the studies included within this thesis have clinical impact through further elucidating the potential mechanisms of toxicity or treatment failure within patients receiving ART.",4edd1ad9-1cf0-4a00-9ea5-124004a090f4,0,0,(missing PubMedId)
10.1111/J.1432-2277.2008.00679.X,Association of four DNA polymorphisms with acute rejection after kidney transplantation,"Josep M. Grinyó, Yves Vanrenterghem, Björn Nashan, Flavio Vincenti, Henrik Ekberg, Klaus Lindpaintner, Michelle Rashford, Clare Nasmyth‐Miller, Athina Voulgari, Olivia Spleiss, Matthew Truman, Laurent Essioux",Transplant international : official journal of the European Society for Organ Transplantation,2008,"Renal transplant outcomes exhibit large inter‐individual variability, possibly on account of genetic variation in immune‐response mediators and genes influencing the pharmacodynamics/pharmacokinetics of immunosuppressants. We examined 21 polymorphisms from 10 genes in 237 de novo renal transplant recipients participating in an open‐label, multicenter study [Cyclosporine Avoidance Eliminates Serious Adverse Renal‐toxicity (CAESAR)] investigating renal function and biopsy‐proven acute rejection (BPAR) with different cyclosporine A regimens and mycophenolate mofetil. Genes were selected for their immune response and pharmacodynamic/pharmacokinetic relevance and were tested for association with BPAR. Four polymorphisms were significantly associated with BPAR. The ABCB1 2677T allele tripled the odds of developing BPAR (OR: 3.16, 95% CI [1.50–6.67]; P = 0.003), as did the presence of at least one IMPDH2 3757C allele (OR: 3.39, 95% CI [1.42–8.09]; P = 0.006). BPAR was almost fivefold more likely in patients homozygous for IL‐10 ‐592A (OR: 4.71, 95% CI [1.52–14.55]; P = 0.007) and twice as likely in patients with at least one A allele of TNF‐α G‐308A (OR: 2.18, 95% CI [1.08–4.41]; P = 0.029). There were no statistically significant interactions between polymorphisms, or the different treatment regimens. Variation in genes of immune response and pharmacodynamic/pharmacokinetic relevance may be important in understanding acute rejection after renal transplant.",3450facb-4934-4f34-b286-756e4db13873,130,49,https://pubmed.ncbi.nlm.nih.gov/18444945
(missing DOI),Genetic factors affecting antimicrobial-induced liver injury,Mohammad A. Alshabeeb,(missing journal),2014,(missing abstract),b2532c54-fd78-4b75-8d33-36efc822ac7b,0,0,(missing PubMedId)
10.1016/J.BLRE.2017.02.005,How gene polymorphisms can influence clinical response and toxicity following R-CHOP therapy in patients with diffuse large B cell lymphoma,"Angela Falduto, Francesco Cimino, Antonio Speciale, Caterina Musolino, Sebastiano Gangemi, Antonella Saija, Alessandro Allegra",Blood Reviews,2017,"The treatment of diffuse large B cell lymphoma (DLBCL) is generally based on multidrug chemotherapy, for instance the therapy with rituximab together with cyclophosphamide, vincristine, doxorubicin, and prednisone (R-CHOP). A significant proportion of DLBCL patients benefit from rituximab-based chemoimmunotherapy. However, among patients with DLBCL toxic effects due to therapy treatment are still very frequent, as well as inter-individual differences in the outcomes of patients even having similar stage, histological grade and histopathological type of the tumor. The present paper reviews the actual status of pharmacogenomics studies concerning gene polymorphisms that may affect response and tolerability to R-CHOP therapeutic regimen used to treat DLBCL. There are clear evidences that polymorphisms of genes codifying for protein are involved in cytotoxicity induced by R-CHOP regimen. Moreover, polymorphisms in genes encoding TNF-superfamily cytokines and proteins involved in controlling cellular cycle and tumor growth may be related to variability in efficacy of R-CHOP therapy in DLBCL patients. This knowledge emphasizes the clinical meaning and importance of pharmacogenetics in oncology. The main merit of our study seems to have tried for the first time a comprehensive review of gene polymorphisms that are involved in the response to an entire therapeutic protocol, R-CHOP, in a specific disease, DLBCL, rather than examining polymorphisms referred to individual drugs among themselves not connected or used to treat different pathological conditions. Indeed, it seems clear that only the analysis of a constellation of polymorphisms can really be useful in clinical practice, while knowledge of a single polymorphism seems to give a limited contribution to our ability to use genetic analysis to the management of patients with malignant blood disorders.",6d8d9782-60b9-49b2-88cd-df756ba22d49,18,204,https://pubmed.ncbi.nlm.nih.gov/28262268
(missing DOI),Farmakogenomika vinkristinom indukovane periferne neuropatije kod dece sa akutnom limfoblastnom leukemijom u Srbiji-iskustvo jednog centra,"B Ristivojević, N Kotur, B Stanković…",Srpski arhiv za …,2022,"Uvod/Cilj Vinkristin je jedan od ključnih lekova u protokolima lečenja dečje akutne limfoblastne leukemije (ALL). Vinkristin dovodi do destabilizacije mikrotubula, čime se ćelija …",ga_38,0,0,(missing PubMedId)
10.1016/J.EBIOM.2019.01.042,Morphine biotransformation genes and neonatal clinical factors predicted behaviour problems in very preterm children at 18 months.,"Cecil M Y Chau, Colin J. Ross, Vann Chau, Anne Synnes, Steven P. Miller, Bruce Carleton, Ruth E Grunau",EBioMedicine,2019,"Abstract  Background  Behaviour problems are prevalent among children born very preterm (≤ 32 weeks gestation), and have been associated with morphine exposure. Morphine accumulation in the brain is determined by genetic variations related to morphine biotransformation. The objective of the study was to investigate whether morphine-biotransformation genotypes contribute to individual differences in long-term effects of morphine on behaviour at 18 months corrected age (CA).  Methods  198 children born very preterm (24–32 weeks gestation) were followed from birth and seen at 18 months CA. Relationships between child behavior (Internalizing, Externalizing on the Child Behavior Checklist), morphine exposure, neonatal clinical variables, and morphine biotransformation gene variants in ABCB1, UGT1A9, UGT 2B7*2, ABCC2, ABCC3, SLCO1B1, CYP3A4, COMT were examined.  Findings  Neonatal clinical predictors and genotypes accounted for 39% of the overall variance in behaviour. In children with the minor allele of UGT1A9 rs17863783 (marker of UGT1A6*4, UDP-glucuronosyltransferase), greater morphine exposure (p = ·0011) was associated with more Internalizing behaviour. More Externalizing behaviour was predicted by greater morphine exposure in children with the COMT rs4680 Met/Met genotype (p = ·0006).  Interpretation  Genetic variations that affect relative accumulation of morphine in the brain, together with neonatal clinical factors, are differentially related to anxiety and depressive symptoms (internalizing) and to acting out (externalizing) behaviours at 18 months CA in children born very preterm.  Fund  NIH/NICHD HD039783 (REG); CIHR MOP86489 (REG), MOP68898 (SPM), MOP79262 (SPM, REG).",80db3dd8-18b8-4e64-9703-140d6b4f0cd0,32,48,https://pubmed.ncbi.nlm.nih.gov/30709768
10.2174/138945011795378487,Genetic polymorphisms of ATP-binding cassette transporters ABCB1 and ABCC2 and their impact on drug disposition.,Vincent Haufroid,Current drug targets,2011,"The ATP-binding cassette (ABC) transporter superfamily comprises membrane proteins that translocate a variety of substrates across extra- and intra-cellular membranes, and act as efflux proteins. ABC transporters are characterised by the presence of genetic polymorphisms mainly represented by single nucleotide polymorphisms (SNPs), some of which having an impact on their activity. Besides physiological substances, drugs are also substrates of some ABC transporters, mainly ABCB1, ABCC1, ABCC2, ABCC3 and ABCG2. Identifying the impact of these polymorphisms on the pharmacokinetics (PK) of these drugs may have important clinical implications, certainly for those characterised by a narrow therapeutic index and significant inter- and intra-patient PK variability. This review focuses specifically on ABCB1 and ABCC2 and critically analyses important publications dealing with the influence of ABCB1 and/or ABCC2 polymorphisms on drug disposition in humans. For different reasons discussed in this paper, the effect of ABCB1 and/or ABCC2 polymorphisms on drug concentrations in blood is not always easy to interpret and to correlate with pharmacological effects. In contrast, intracellular or target tissue drug concentrations appear more directly influenced by these polymorphisms, as illustrated with intralymphocyte concentrations for immunosupressants and antiretrovirals or with cerebrospinal fluid (CSF) concentrations for antiepileptics and antidepressants. Further research on intracellular and/or target tissue drug concentrations are still needed to better characterise the PK-PG (pharmacogenetics) relationship involving ABC transporters.",2ede256d-1d3b-4432-ac2c-413a52ffea26,72,0,https://pubmed.ncbi.nlm.nih.gov/21039333
(missing DOI),The role of single nucleotide polymorphisms and copy number variations in the spectrum of non-alcoholic fatty liver disease / Shamsul bin Mohd Zain,Shamsul Mohd Zain,(missing journal),2013,"Non-alcoholic fatty liver disease (NAFLD) has been recognised as a growing public health problem worldwide. NAFLD is a spectrum ranging from simple steatosis to nonalcoholic steatohepatitis (NASH) and cirrhosis. Simple steatosis is generally benign condition whereas NASH can potentially progress to serious liver complications, including liver cancer. Genetic factors have been shown to play a significant role in the pathogenesis of NAFLD and may be responsible for the different phenotypes among individuals, including predisposition to severe liver disease. Genomic variability may present in various forms such as single nucleotide polymorphisms (SNPs), structural alterations (deletion, duplication and inversion), variable number of tandem repeats (VNTRs) and presence or absence of transportable element. Of all these variations, the commonest is the SNP. Copy number variation (CNV) is another type of mutation that could serve as a genetic marker for the NAFLD spectrum, and to date, there is no published report on CNV in NAFLD. This study aimed to investigate the association between SNPs of candidate genes with susceptibilty to NAFLD and the severity of the underlying liver disease. This study further identified genomic amplifications and deletions (CNVs) in the spectrum of NAFLD. A total of 144 biopsy-proven NAFLD patients and 198 controls without NAFLD were genotyped for polymorphisms of various candidate genes. Whole-genome array comparative genomic hybridization (aCGH) method was used to detect CNVs in a total of 40 patients with NASH and 40 age, gender, and ethnicity-matched controls. The polymorphisms of PNPLA3, LEPR¸ and GCKR render susceptibility to NAFLD (OR 2.23, 95% CI 1.60-3.11, P < 0.0001; OR 1.64, 95% CI 1.18-2.28, P = 0.003; and OR 1.49, 95% CI 1.09-2.05, P = 0.012, respectively) while SNPs of AGTR1 render protection against the condition (OR 0.40, 95% CI 0.20-0.81, P = 0.01). The G allele of both the PNPLA3 rs738409 and the AGTR1 rs3772622 were associated with increased fibrosis score (P < 0.05). For LEPR rs1137100, the G allele was associated with lower fibrosis score (P < 0.05). Analysis of gene-gene interaction revealed a strong interaction between the AGTR1, LEPR and GCKR genes with the PNPLA3 gene (empirical P = 0.007, empirical P = 0.001 and empirical P = 0.003, respectively). Genome wide profiling identified five most frequently amplified CNVs located on the chromosome 14q11.2 (62.5%), 12p13.31 (50.0%), 11p15.4 (45.0%), 5p15.33 (42.5%), and 12p13.2 (40.0%). The most frequently deleted CNVs were located on chromosome 11q11 (35.0%), 12p13.2 (32.5%), 16q12.2 (32.5%), 4q13.2 (32.5%), 1q21.3 (32.5%), and 14q24.3 (32.5%). It can be hypothesised that these CNVs may be implicated in mechanisms that lead to progression to NASH. Of particular note was a 0.02 Mb deletion on chromosome 16q12.2. This region is rich in carboxylesterase 1 gene (CES1) that is important in cholesterol transportation leading to fatty liver. Downstream studies to validate findings are being pursued. Overall, this study showed the complex nature of NAFLD involving multiple gene interactions. The copy number findings are novel and could serve as potential genetic marker for the identification of the potentially progressive form of NAFLD.",7d4fa25b-9bf2-4437-807f-1d9403e80325,0,220,(missing PubMedId)
(missing DOI),Replication of genetic polymorphisms reported to be associated with taxane-related sensory neuropathy in patients with early breast cancer treated with Paclitaxel,"JE Abraham, Q Guo, L Dorling, J Tyrer…",Clinical Cancer …,2014,"Purpose: Associations between taxane-related sensory neuropathy (TRSN) and single-nucleotide polymorphisms (SNP) have previously been reported, but few have been replicated in …",ga_39,0,0,(missing PubMedId)
10.1097/FPC.0B013E32834D672B,Functional defect caused by the 4544G>A SNP in ABCC2: potential impact for drug cellular disposition,"Laure Elens, Donatienne Tyteca, Nadtha Panin, Pierre J. Courtoy, Dominique Lison, Jean‐Baptiste Demoulin, Vincent Haufroid",Pharmacogenetics and genomics,2011,"Objectives ABCC2 contributes to the active cellular efflux of several endogenous and exogenous compounds. The 4544G>A (rs8187710) single nucleotide polymorphism (SNP), which is coding for a C1515Y substitution, has been previously associated with susceptibility to cholestatic liver disease, doxorubicin cardiotoxicity, nonalcoholic fatty liver disease, decreased graft function after renal transplantation and tenofovir-induced proximal nephropathy. It is also involved in differential flavopiridol disposition and increased lopinavir (LPV) cellular accumulation in vivo. The aim of the present study was to investigate whether the 4544G>A SNP causes alterations in ABCC2-mediated transport towards different substrates and to explore the underlying molecular mechanisms. Methods Human embryonic kidney cells (HEK293) were stably transfected with full-length ABCC2 cDNA coding the wild-type (4544G) or the variant (4544A) ABCC2 allele. Accumulation and efflux assays were carried out with three different substrates and kinetic parameters were then compared between wild-type and variant HEK293-transfected clones. The vanadate-sensitive ATPase activity of the wild-type and the variant ABCC2-transfected clones was assayed in isolated membranes vesicles. Results At a comparable expression level, the ABCC2 4544A clone showed higher accumulation of LPV, calcein and carboxyfluorescein diacetate as well as reduced ABCC2-mediated efflux of LPV compared with the ABCC2 4544G clone. The 4544G>A SNP impaired ABCC2 ATPase activity, which likely explains the reduced efflux activity of the 4544A clone. Conclusion The C1515Y amino acid substitution caused by the 4544G>A SNP in ABCC2 impairs its ATPase activity and is associated with higher cellular accumulation of ABCC2 substrates.",9b19af21-55a6-47c0-a5ee-4cfba3a994a8,36,34,https://pubmed.ncbi.nlm.nih.gov/22027652
(missing DOI),"Pazopanib: Effective monotherapy for precise cancer treatment, targeting specific mutations and tumors","R Pathak, V Kaur, S Sharma, M Bhandari, R Mishra…",Cancer,2024,Cancer is a wide range of illnesses characterized by the expansion of abnormal cells with the ability to invade and damage healthy bodily tissue. Cancer is treated with a variety of …,ga_40,0,0,(missing PubMedId)
(missing DOI),The Role of Single Nucleotide Polymorphisms and Copy Number Variations in the Spectrum of Non-Alcoholic Fatty Liver Disease,SM Zain - 2013 - search.proquest.com,(missing journal),(missing year),Non-alcoholic fatty liver disease (NAFLD) has been recognised as a growing public health problem worldwide. NAFLD is a spectrum ranging from simple steatosis to nonalcoholic …,ga_44,0,0,(missing PubMedId)
10.2174/1875692110806020134,Pharmacogenomics of Human Multidrug Resistance Associated Proteins,"Shufeng Zhou, Jana Fulcher",(missing journal),2008,"Inter-individual variations in response to pharmacotherapy such as adverse effects, treatment resistance and toxicities affect all patient populations. Multidrug resistance associated proteins (MRPs) work as efflux pumps for many xenobiotics and endogenous substances and hence, can affect the drug concentration at the target site which governs therapeutic response. Genetic polymorphisms of the MRPs can lead to an over- or under-expression of these transporter proteins. These polymorphisms can therefore play an integral role in drug disposition and therapeutic outcomes via pharmacokinetic and pharmacodynamic changes. These changes may cause drug-drug interactions, treatment resistance and/or toxicity. Overexpression of certain MRPs is thought to correlate with multidrug resistance in pharmacotherapy, especially with anticancer drugs. It is also evident that some genetic variants linked with MRP genes can lead to disease states such as pseudoxanthoma elasticum. With further research, more definitive functional characterization of MRPs and the understanding of this relationship with genetic polymorphisms can be achieved. This article highlights the genetic polymorphisms of MRPs and their clinical implications with an emphasis on MRP1-4. It also provides an insight into the role that these proteins can play in disease states and toxicities as well as the implications for future research and patient management.",1a2977da-0524-45f4-97d5-1da2e0b6cbb7,1,0,(missing PubMedId)
10.1080/17425255.2021.1876661,"ABCB1, ABCG2, ABCC1, ABCC2, and ABCC3 drug transporter polymorphisms and their impact on drug bioavailability: what is our current understanding?","Henrike Bruckmueller, Ingolf Cascorbi",Expert Opinion on Drug Metabolism & Toxicology,2021,Interindividual differences in drug response are a frequent clinical challenge partly due to variation in pharmacokinetics. ATP-binding cassette (ABC) transporters are crucial determinants of drug ...,01cab775-6630-4f64-b9cf-fb1c4161cbbb,78,410,https://pubmed.ncbi.nlm.nih.gov/33459081
(missing DOI),Pharmacogenomics as a tool to limit acute and long-term adverse effects of chemotherapeutics: an update in pediatric oncology,"EC Bernsen, MM Hagleitner…",Frontiers in …,2020,"In the past decades, new cancer treatments have been introduced in pediatric oncology leading to improvement in clinical outcomes and survival rates. However, due to inter-individual …",ga_45,0,0,(missing PubMedId)
(missing DOI),Innovative strategies for tailoring therapy in cancer patient: pharmacogenetics and hormone therapy personalization in metastatic or locally advanced breast cancer …,S Gagno - 2015 - research.unipd.it,(missing journal),(missing year),Background: Response to chemotherapeutic agents is highly variable among patients both in terms of efficacy and tolerability; consequently personalization of drug therapy is one of the …,ga_46,0,0,(missing PubMedId)
10.2217/PGS-2016-0116,Pharmacogenomics of second-line drugs used for treatment of unresponsive or relapsed osteosarcoma patients.,"Claudia Maria Hattinger, Serena Vella, Elisa Tavanti, Marilù Fanelli, Piero Picci, Massimo Serra",Pharmacogenomics (London),2016,"Second-line treatment of high-grade osteosarcoma (HGOS) patients is based on different approaches and chemotherapy protocols, which are not yet standardized. Although several drugs have been used in HGOS second-line protocols, none of them has provided fully satisfactory results and the role of rescue chemotherapy is not well defined yet. This article focuses on the drugs that have most frequently been used for second-line treatment of HGOS, highlighting the present knowledge on their mechanisms of action and resistance and on gene polymorphisms with possible impact on treatment sensitivity or toxicity. In the near future, validation of the so far identified candidate genetic biomarkers may constitute the basis for tailoring treatment by taking the patients' genetic background into account.",3a03a98c-8209-4b5a-8e9c-631aaa4f2f33,22,117,https://pubmed.ncbi.nlm.nih.gov/27883291
(missing DOI),Transzportfehérjék genetikai polimorfizmusainak szerepe akut limfoid leukémiában; farmakogenetikai vizsgálatok,ÁF Semsei - 2012 - repo.lib.semmelweis.hu,(missing journal),(missing year),"Az akut limfoid leukémia (ALL) a leggyakoribb gyermekkori hematológiai betegség Magyarországon. Kialakulásának okai még nem teljesen ismertek, de az biztos, hogy környezeti és …",ga_47,0,0,(missing PubMedId)
(missing DOI),Towards Precision Medicine: Utilizing “Omics” to Improve Immunosuppressant Therapy following Heart Transplantation,KA Oreschak - 2021 - search.proquest.com,(missing journal),(missing year),"Heart transplantation (HTx) continues to be the gold standard treatment for patients with advanced heart failure. Following HTx, patients are placed on a lifelong regimen of maintenance …",ga_48,0,0,(missing PubMedId)
(missing DOI),Pharmacogenomics of Drug-Metabolizing Enzymes and Drug Transporters,P Hirvensalo,… in Clinical Practice; Springer: Cham,(missing year),Substantial interindividual variability exists in drug response. This variability often means differences in drug concentrations in the body between individuals receiving the same dose. …,ga_49,0,0,(missing PubMedId)
(missing DOI),Estudio de la asociación entre polimorfismos genéticos y la susceptibilidad a infecciones en pacientes con neoplasia hematológica en tratamiento citotóxico,M Martínez Olguín - 2020 - repositorio.uchile.cl,(missing journal),(missing year),Introducción: las infecciones en pacientes diagnosticados con neoplasias hematológicas que se encuentran en tratamiento antineoplásico citotóxico son comunes ya menudo muy …,ga_50,0,0,(missing PubMedId)
(missing DOI),"Genetic predictors of chemotherapy-induced peripheral neuropathy from paclitaxel, carboplatin and oxaliplatin: NCCTG/alliance N08C1, N08CA and N08CB …","AA Adjei, CL Lopez, DJ Schaid, JA Sloan…",Cancers,2021,Simple Summary Chemotherapy-induced peripheral neuropathy (CIPN) is a common debilitating complication of treatment with platinum-based compounds and taxanes. CIPN is …,ga_58,0,0,(missing PubMedId)
10.3390/IJMS22189815,Pharmacogenetics in Neuroblastoma: What Can Already Be Clinically Implemented and What Is Coming Next?,"Gladys Olivera, Andrea Urtasun, Luis Sendra, Salvador F. Aliño, Yania Yáñez, Vanessa Segura, Pablo Gargallo, Pablo Berlanga, Victoria Castel, Adela Cañete, Marí­a José Herrero",International Journal of Molecular Sciences,2021,"Pharmacogenetics is one of the cornerstones of Personalized Precision Medicine that needs to be implemented in the routine of our patients’ clinical management in order to tailor their therapies as much as possible, with the aim of maximizing efficacy and minimizing toxicity. This is of great importance, especially in pediatric cancer and even more in complex malignancies such as neuroblastoma, where the rates of therapeutic success are still below those of many other types of tumors. The studies are mainly focused on germline genetic variants and in the present review, state of the art is presented: which are the variants that have a level of evidence high enough to be implemented in the clinic, and how to distinguish them from the ones that still need validation to confirm their utility. Further aspects as relevant characteristics regarding ontogeny and future directions in the research will also be discussed.",9a336812-b51c-4d71-bed3-38b0ece047d4,7,70,https://pubmed.ncbi.nlm.nih.gov/34575974
(missing DOI),MP209 URINARY FINDINGS DOES NOT REFLECT KIDNEY STATUS IN CHRONIC GLOMERULONEPHRITIS AFTER STEROID THERAPY,"H Yun, BS Cho, S Jung, S Ha, H Soon…",NEPHROLOGY …,2017,"INTRODUCTION AND AIMS: Routine urinalysis, especially hematuria and proteinuria, has long been used as the most important laboratory tools in the diagnosis of glomerulonephritis …",ga_59,0,0,(missing PubMedId)
10.6092/UNIBO/AMSDOTTORATO/9386,Molecular characterization of gene defects associated with Progressive Familial Intrahepatic Cholestasis by Next Generation Sequencing,Alessandro Mattiaccio,(missing journal),2020,"Progressive Familial Intrahepatic Cholestasis (PFIC) is a group of autosomal recessive diseases that affects especially newborns and children, with progression to liver failure in the first decades of life. PFIC is classified into five types based on the genetic defect involved in bile transport. It is caused by homozygous or compound heterozygous mutations in ATP8B1, ABCB11, ABCB4, TJP2 and NR1H4 genes. Other benign late-onset phenotypes and non-progressive forms (BRIC, LPAC, DIC and ICP) are caused by heterozygous mutations in the same gene pattern. Other genes have been recently involved in both progressive and non-progressive forms. The aim of the project is to develop and validate a broad, reliable, rapid and cost-saving NGS genetic test for PFIC patients. 96 patients were tested for the first described genes and 80 patients were sequenced with the latest discovered candidate genes for PFIC and other related benign phenotypes. Bioinformatic and statistic pipelines were applied. A total of 184 different variants has been identified in our cohort: 18 pathogenic, 46 VUS, 44 likely benign and 76 benign. P/LP mutations were found in 12% of patients: 2 in ATP8B1, 3 in ABCB11, ABCB4 and TJP2 each, one in ABCC2, JAG1, NOTCH2. Many patients had multiple variants in several genes. Patients had from 7 to 35 variants each and some SNPs were significantly associated with biochemical parameters and phenotypic features (e.g. liver fibrosis) that could better explain clinics and accelerate the progression to liver failure. Our detection rate is according to other studies proposing multi-gene panels. Our analysis may be useful for the molecular diagnostics of PFIC and a better characterization and understanding of the linking between molecular defects and different subtypes of the disease. The high SNPs prevalence let us to hypothesize a synergistic haplotype effect in determining different multifactorial cholestasis phenotypes and overlapping features.",5e67ce06-f3dd-4abe-aa82-7ca1d210b784,0,0,(missing PubMedId)
10.2174/1389200218666171101124931,Pharmacogenetics of Metabolic Genes of Anthracyclines in Acute Myeloid Leukemia.,"Juan Eduardo Megías‐Vericat, David Martínez‐Cuadrón, Marí­a José Herrero, Salvador F. Aliño, José Luís Poveda, Miguel Á. Sanz, Pau Montesinos",Current drug metabolism,2017,"BACKGROUND
Anthracyclines in combination with cytarabine have been the standard therapy for acute myeloid leukemia (AML) for decades with high efficacy. However, the majority of patients will show initial resistance or will relapse after initial complete remission. Genetic variability in genes involved in anthracyclines metabolic pathway could be one of the causes of the interindividual differences in clinical outcomes.


METHODS
A systematic review of published studies in AML cohorts was carried out in order to analyze the influence of polymorphisms in genes of anthracycline metabolism on efficacy and toxicity.


RESULTS
Polymorphisms in the main enzymes of anthracyclines metabolism (CBR, AKR, NQO1, NOS3) have been related to lower enzymatic activity and higher cardiotoxicity. Moreover, variant alleles in the genes of carcinogens and chemotherapy neutralizing enzymes (GST, SULT, NADP(H) oxidase) have been associated with ROS generation and drug efficacy, influencing the survival rates and cardiac toxicities. In addition, genetic variability in the transporters of anthracyclines could affect the intake in cells, including influx (SLC28A3, SLC22A12, SLCO1B1) and efflux transporters (ABCB1, ABCC1, ABCC3, ABCG2).


CONCLUSION
The knowledge of the role of pharmacogenetics in anthracyclines metabolism could explain the differences observed in their disposition in leukemic cells. These genetic variants are proposed biomarkers in clinical practice in order to individualize chemotherapy schemes, potentially increasing the effectiveness and reducing the toxicities.",3c893011-5db2-40b4-8220-7702a0ce698c,34,0,https://pubmed.ncbi.nlm.nih.gov/29090664
10.1002/HUMU.22041,Functional characterization of protein variants of the human multidrug transporter ABCC2 by a novel targeted expression system in fibrosarcoma cells,"Rudolf Arlanov, Andrew C.G. Porter, Dennis Strand, Rachel Brough, Darja Karpova, Reinhold Kerb, Leszek Wojnowski, Matthias Schwab, Thomas Lang",Human mutation,2012,"The multidrug resistance‐associated protein 2 (MRP2/ABCC2) is involved in the efflux of endogenous and xenobiotic substrates, including several anticancer and antiviral drugs. The functional consequences of ABCC2 protein variants remain inconsistent, which may be due to shortcomings of the in vitro assays used. To study systematically the functional consequences of nonsynonymous ABCC2 variants, we used a novel “Screen and Insert” (ScIn) technology to achieve stable and highly reproducible expression of 13 ABCC2 variants in HT1080 cells. Western blotting revealed lower (30–65%) ABCC2 expression for D333G, R1174H, and R1181L as compared with wild type (WT; 100%), whereas the linked variant V1188E/C1515Y resulted in higher expression (150%). R1174H caused mislocalization of ABCC2 to the cytoplasm with an endoplasmic reticulum‐like distribution. Variants N1244K and R1174H decreased transport of glutathione–methylfluorescein (GS–MF) and glutathione–monochlorobimane (GS–MCB) by 80% and 50%, respectively, whereas R1181L and P1291L reduced only GS–MCB transport by 50% as compared with WT. Contrary to protein data, the double variant V1188E/C1515Y decreased specific transport activity for GS–MF and GS–MCB by 40%. The ScIn approach is a feasible and reliable method to functionally characterize systematically ABCC2 variants. D333G, R1174H, R1181L, N1244K, P1291L, and double variant V1188E/C1515Y have been identified as most promising for further clinical evaluation. Hum Mutat 33:750–762, 2012. © 2012 Wiley Periodicals, Inc.",08c5815d-554f-4e32-a083-0ff73e6ea894,26,39,https://pubmed.ncbi.nlm.nih.gov/22290738
10.2174/138920008786049302,Clinical pharmacogenetics and potential application in personalized medicine.,"Shufeng Zhou, Yuan Ming Di, Eli Chan, Yaomin Du, Vivian Chow, Charlie Changli Xue, Xinsheng Lai, Jiancheng Wang, Chun Guang Li, Min Tian, Wei Duan",Current drug metabolism,2008,"The current 'fixed-dosage strategy' approach to medicine, means there is much inter-individual variation in drug response. Pharmacogenetics is the study of how inter-individual variations in the DNA sequence of specific genes affect drug responses. This article will highlight current pharmacogenetic knowledge on important drug metabolizing enzymes, drug transporters and drug targets to understand interindividual variability in drug clearance and responses in clinical practice and potential use in personalized medicine. Polymorphisms in the cytochrome P450 (CYP) family may have had the most impact on the fate of pharmaceutical drugs. CYP2D6, CYP2C19 and CYP2C9 gene polymorphisms and gene duplications account for the most frequent variations in phase I metabolism of drugs since nearly 80% of drugs in use today are metabolised by these enzymes. Approximately 5% of Europeans and 1% of Asians lack CYP2D6 activity, and these individuals are known as poor metabolizers. CYP2C9 is another clinically significant drug metabolising enzyme that demonstrates genetic variants. Studies into CYP2C9 polymorphism have highlighted the importance of the CYP2C9*2 and CYP2C9*3 alleles. Extensive polymorphism also occurs in a majority of Phase II drug metabolizing enzymes. One of the most important polymorphisms is thiopurine S-methyl transferases (TPMT) that catalyzes the S-methylation of thiopurine drugs. With respect to drug transport polymorphism, the most extensively studied drug transporter is P-glycoprotein (P-gp/MDR1), but the current data on the clinical impact is limited. Polymorphisms in drug transporters may change drug's distribution, excretion and response. Recent advances in molecular research have revealed many of the genes that encode drug targets demonstrate genetic polymorphism. These variations, in many cases, have altered the targets sensitivity to the specific drug molecule and thus have a profound effect on drug efficacy and toxicity. For example, the beta (2)-adrenoreceptor, which is encoded by the ADRB2 gene, illustrates a clinically significant genetic variation in drug targets. The variable number tandem repeat polymorphisms in serotonin transporter (SERT/SLC6A4) gene are associated with response to antidepressants. The distribution of the common variant alleles of genes that encode drug metabolizing enzymes, drug transporters and drug targets has been found to vary among different populations. The promise of pharmacogenetics lies in its potential to identify the right drug at the right dose for the right individual. Drugs with a narrow therapeutic index are thought to benefit more from pharmacogenetic studies. For example, warfarin serves as a good practical example of how pharmacogenetics can be utilized prior to commencement of therapy in order to achieve maximum efficacy and minimum toxicity. As such, pharmacogenetics has the potential to achieve optimal quality use of medicines, and to improve the efficacy and safety of both prospective and licensed drugs.",d70f4cd3-33f3-4dee-9774-19b95d1a5791,219,0,https://pubmed.ncbi.nlm.nih.gov/18855611
10.3390/IJMS21134659,Pharmacogenomics and Pharmacogenetics in Osteosarcoma: Translational Studies and Clinical Impact,"Claudia Maria Hattinger, Maria Pia Patrizio, Silvia Luppi, Massimo Serra",International journal of molecular sciences,2020,"High-grade osteosarcoma (HGOS) is a very aggressive bone tumor which primarily affects adolescents and young adults. Although not advanced as is the case for other cancers, pharmacogenetic and pharmacogenomic studies applied to HGOS have been providing hope for an improved understanding of the biology and the identification of genetic biomarkers, which may impact on clinical care management. Recent developments of pharmacogenetics and pharmacogenomics in HGOS are expected to: i) highlight genetic events that trigger oncogenesis or which may act as drivers of disease; ii) validate research models that best predict clinical behavior; and iii) indicate genetic biomarkers associated with clinical outcome (in terms of treatment response, survival probability and susceptibility to chemotherapy-related toxicities). The generated body of information may be translated to clinical settings, in order to improve both effectiveness and safety of conventional chemotherapy trials as well as to indicate new tailored treatment strategies. Here, we review and summarize the current scientific evidence for each of the aforementioned issues in view of possible clinical applications.",b2557dfd-eae1-4d8a-822b-b2991ddda1c1,17,193,https://pubmed.ncbi.nlm.nih.gov/32629971
10.1002/CPT.3623,Identification of Genetic Variants Associated with Pravastatin and Pitavastatin Pharmacokinetics.,"Anssi J. H. Mykkänen,  E Katriina Tarkiainen,  Suvi Taskinen,  Mikko Neuvonen,  Maria Paile‐Hyvärinen,  Tuomas O. Lilius,  Tuija Tapaninen,  Janne T. Backman,  Aleksi Tornio,  Mikko Niemi",PubMed,2025,"A clinical trial was carried out to investigate the pharmacogenetics of single-dose pravastatin and pitavastatin pharmacokinetics in 173 and 164 healthy participants. Additionally, 96 participants were included from previous pharmacogenetic studies with pravastatin. In a genome-wide meta-analysis of pravastatin including all 269 participants, SLCO1B1 c.521T>C (rs4149056) was associated with increased AUC0-∞ (P = 9.8 × 10-12). Similarly, SLCO1B1 c.521T>C was genome-wide significantly associated with increased AUC0-∞ of pitavastatin (P = 9.7 × 10-15). Candidate gene analyses suggested that participants with increased function SLCO1B1 variants had decreased pravastatin exposure. Furthermore, decreased function CYP2C9 variants may increase pitavastatin and pitavastatin lactone exposure. Compared to participants with normal function SLCO1B1 genotype, the AUC0-∞ of pravastatin was 140% (90% confidence interval: 86-210%; P = 4.7 × 10-8) and 37% (20-56%; P = 1.1 × 10-4) greater in participants with poor and decreased function SLCO1B1 genotype, respectively, while participants with highly increased function SLCO1B1 genotype had a 60% (39-75%; P = 6.0 × 10-4) lower AUC0-∞. The AUC0-∞ of pitavastatin was 153% (100-222%; P = 1.6 × 10-9) and 35% (8-69%; P = 0.027) greater in participants with poor and decreased function SLCO1B1 genotype, respectively, than in those with normal function SLCO1B1 genotype. Participants with intermediate metabolizer CYP2C9 genotype had 18% (3-34%; P = 0.046) greater AUC0-∞ of pitavastatin than those with normal metabolizer CYP2C9 genotype. This study demonstrates the important role of SLCO1B1 in pravastatin and pitavastatin pharmacokinetics and suggests that CYP2C9 variants also affect the pharmacokinetics of pitavastatin.",49427568-e8c1-4d04-9bb9-d4bba415798b,5,55,https://pubmed.ncbi.nlm.nih.gov/40029062
(missing DOI),Bilirubin secretory pathway and its disorders,Eva Sticová,(missing journal),2015,(missing abstract),9e3ccdbb-8f05-441e-8798-281d2d9c67b1,0,0,(missing PubMedId)
(missing DOI),VII Conference of the Spanish Pharmacogenetics and Pharmacogenomics Society (SEFF).“The role of pharmacogenetics and pharmacogenomics in the XXI century …,"C Rodríguez-Antona, L Lopez-Fernandez… - degruyterbrill.com",(missing journal),(missing year),Objectives: To identify differentially methylated regions that may be involved in clopidogrel response of ischemic stroke patients. Material and methods: 42 ischemic stroke patients were …,ga_62,0,0,(missing PubMedId)
10.1080/03602532.2016.1226896,"Pharmacogenetics of irinotecan, doxorubicin and docetaxel transporters in Asian and Caucasian cancer patients: a comparative review.","Sylvia Chen, Natalia Sutiman, Clara Zhenxian Zhang, Yingnan Yu, Shirley Lam, Chiea Chuen Khor, Balram Chowbay",Drug Metabolism Reviews,2016,"AbstractDrug efflux and influx transporters play critical roles in regulating the cellular drug disposition and modulating the pharmacokinetics and pharmacodynamics of anti-cancer agents, which may potentially alter treatment outcomes. The efficiency of drug transport is often dependent on the expression and activity of these membrane-bound proteins, factors which have been shown to be regulated by genes that are known to be highly polymorphic in different ethnic populations. The role of drug transporters becomes even more critical for anti-cancer agents due to the narrow therapeutic windows that separate treatment response and toxicities for these agents. Moreover, high inter-individual variability in the disposition of anti-cancer agents often results in variable treatment outcomes among patients receiving standard doses of the same drug. Such variability has been attributed at least in part to polymorphisms in genes encoding drug-metabolizing enzymes and transporter. To date, numerous pharmacogenetic s...",adf184a8-b443-4498-ac0e-4e477bafc03f,28,170,https://pubmed.ncbi.nlm.nih.gov/27546072
10.1055/S-0041-1735631,Mechanisms of Pharmacoresistance in Hepatocellular Carcinoma: New Drugs but Old Problems,"José J.G. Marı́n, Marta R. Romero, Elisa Herraez, Maitane Asensio, Sara Ortiz-Rivero, Anabel Sánchez-Martín, Luca Fabris, Oscar Briz",Seminars in liver disease (Print),2022,"Hepatocellular carcinoma (HCC) is a malignancy with poor prognosis when diagnosed at advanced stages in which curative treatments are no longer applicable. A small group of these patients may still benefit from transarterial chemoembolization. The only therapeutic option for most patients with advanced HCC is systemic pharmacological treatments based on tyrosine kinase inhibitors (TKIs) and immunotherapy. Available drugs only slightly increase survival, as tumor cells possess additive and synergistic mechanisms of pharmacoresistance (MPRs) prior to or enhanced during treatment. Understanding the molecular basis of MPRs is crucial to elucidate the genetic signature underlying HCC resistome. This will permit the selection of biomarkers to predict drug treatment response and identify tumor weaknesses in a personalized and dynamic way. In this article, we have reviewed the role of MPRs in current first-line drugs and the combinations of immunotherapeutic agents with novel TKIs being tested in the treatment of advanced HCC.",ecea9c2e-a2ef-4fa9-b086-76b1084439f1,20,211,https://pubmed.ncbi.nlm.nih.gov/34544160
10.1055/S-0031-1276643,Genetics of alcoholic and nonalcoholic fatty liver disease.,"Quentin M. Anstee, Ann K. Daly, Christopher P. Day",Seminars in liver disease (Print),2011,"Excess alcohol consumption with consequent alcoholic liver disease (ALD) and metabolic syndrome-related nonalcoholic fatty liver disease (NAFLD) are recognized as the most common causes of liver dysfunction worldwide. However, although the majority of heavy drinkers and individuals with obesity/insulin resistance will develop steatosis, only a minority progress to steatohepatitis, fibrosis, and cirrhosis. Both ALD and NAFLD are best considered complex disease traits where subtle interpatient genetic variations and environment interact to produce disease phenotype and determine disease progression. A decade after the sequencing of the human genome, the development of technologies to support the comprehensive study of genomic variation has begun to provide new insights into the modifier genes that contribute to this interpatient variation. Here we review the current status of the field with particular focus on advances from recent genome-wide association studies and their translation into a better mechanistic understanding of pathogenesis.",61f6a460-98b4-4adb-9288-7dc36fcf7c6e,134,0,https://pubmed.ncbi.nlm.nih.gov/21538280
(missing DOI),Utjecaj farmakogenetičkih varijacija P-glikoproteina i inozin-5'-monofosfat dehidrogenaze na ishode liječenja bolesnika s transplantiranim bubregom,L Penezić - 2024 - repozitorij.mef.unizg.hr,(missing journal),(missing year),"Doktorski rad izrađen je u Klinici za urologiju, Odjelu za farmakogenomiku i individualizaciju terapije Kliničkog zavoda za laboratorijsku dijagnostiku, Odjelu za tipizaciju tkiva Kliničkog …",ga_63,0,0,(missing PubMedId)
(missing DOI),Pharmacogenomics and pharmacokinetics of dolutegravir and tenofovir in Southern Africans living with HIV,ZA Cindi - 2023 - open.uct.ac.za,(missing journal),(missing year),Background The World Health Organization (WHO) recommends dolutegravir in combination with a nucleos (t) ide reverse transcriptase inhibitor (NRTI) backbone as the preferred first-…,ga_64,0,0,(missing PubMedId)
10.1016/J.CTARC.2022.100528,Pharmacogenomics of soft tissue sarcomas: New horizons to understand efficacy and toxicity.,"Elisabetta Gambale, Anna Boddi, Adriano Pasqui, Domenico Andrea Campanacci, Guido Scoccianti, Ilaria Palchetti, Andrea Bernini, Lorenzo Antonuzzo, Serena Pillozzi",Cancer treatment and research communications,2022,"• Clinical response to therapies is limited to a small subset of soft tissue sarcoma (STS) patients. • Genetic polymorphisms may influence drug response and toxicities. • Pharmacogenomic markers are located in drug metabolizing enzymes and transporters. • Single-nucleotide polymorphisms are suitable biomarkers for toxicity and drug response. Clinical responses to anticancer therapies in advanced soft tissue sarcoma (STS) are unfortunately limited to a small subset of patients. Much of the inter-individual variability in treatment efficacy and risk of toxicities is as result of polymorphisms in genes encoding proteins involved in drug pharmacokinetics and pharmacodynamics. Therefore, the detection of pharmacogenomics (PGx) biomarkers that might predict drug response and toxicity can be useful to explain the genetic basis for the differences in treatment efficacy and toxicity among STS patients. PGx markers are frequently located in transporters, drug-metabolizing enzyme genes, drug targets, or HLA alleles. Along this line, genetic variability harbouring in the germline genome of the patients can influence systemic pharmacokinetics and pharmacodynamics of the treatments, acting as predictive biomarkers for drug-induced toxicity and treatment efficacy. By linking drug activity to the functional complexity of cancer genomes, also systematic pharmacogenomic profiling in cancer cell lines and primary STS samples represents area of active investigation that could eventually lead to enhanced efficacy and offer a powerful biomarker discovery platform to optimize current treatments and improve the knowledge about the individual's drug response in STS patients into the clinical practice.",e7edc684-7ee7-4696-a75c-281802ebbae4,5,86,https://pubmed.ncbi.nlm.nih.gov/35123198
(missing DOI),The pharmacologenetics of lopinavir in a cohort of black African HIV/AIDS patients,Bafokeng Mpeta,(missing journal),2015,(missing abstract),fcf7294d-78e3-4c51-9841-54be5fd9f6b0,0,0,(missing PubMedId)
10.1002/9781119739883.CH11,MULTIDRUG RESISTANCE PROTEINS OF THE ABCC SUBFAMILY,"Anne T. Nies, Franziska Klein",(missing journal),2022,(missing abstract),625c8e7d-e6eb-4bb3-8f68-c9c934db1a61,1,104,(missing PubMedId)
10.2174/1570159X21666230808170123,Machine Learning and Pharmacogenomics at the Time of Precision Psychiatry,"Antonio Del Casale, Giuseppe Sarli, Paride Bargagna, Lorenzo Polidori, Alessandro Alcibiade, Teodolinda Zoppi, Marina Borro, Giovanna Gentile, Clarissa Zocchi, Stefano Ferracuti, Robert Preißner, Maurizio Simmaco, Maurizio Pompili",Current Neuropharmacology,2023,"Traditional medicine and biomedical sciences are reaching a turning point because of the constantly growing impact and volume of Big Data. Machine Learning (ML) techniques and related algorithms play a central role as diagnostic, prognostic, and decision-making tools in this field. Another promising area becoming part of everyday clinical practice is personalized therapy and pharmacogenomics. Applying ML to pharmacogenomics opens new frontiers to tailored therapeutical strategies to help clinicians choose drugs with the best response and fewer side effects, operating with genetic information and combining it with the clinical profile. This systematic review aims to draw up the state-of-the-art ML applied to pharmacogenomics in psychiatry. Our research yielded fourteen papers; most were published in the last three years. The sample comprises 9,180 patients diagnosed with mood disorders, psychoses, or autism spectrum disorders. Prediction of drug response and prediction of side effects are the most frequently considered domains with the supervised ML technique, which first requires training and then testing. The random forest is the most used algorithm; it comprises several decision trees, reduces the training set's overfitting, and makes precise predictions. ML proved effective and reliable, especially when genetic and biodemographic information were integrated into the algorithm. Even though ML and pharmacogenomics are not part of everyday clinical practice yet, they will gain a unique role in the next future in improving personalized treatments in psychiatry.",8cc5763a-94a5-4a37-a1bc-a6e4af665f9a,18,77,https://pubmed.ncbi.nlm.nih.gov/37559539
(missing DOI),Gene Variant Screening for Biomarkers Significant for Effective ARV Therapy with a Focus on Tenofovir Nephrotoxicity,ES Tshabalala - 2017 - search.proquest.com,(missing journal),(missing year),"Recent South African studies report an increase in hospital admissions due to adverse drug reactions (ADRs), including to tenofovir disoproxil fumarate (TDF). Pharmacogenetic studies …",ga_68,0,0,(missing PubMedId)
(missing DOI),Suscetibilidade genética e farmacogenética da malária causada por P. vivax na Amazônia brasileira,Vinicius de Albuquerque Sortica,(missing journal),2013,(missing abstract),1fbe5a38-67e1-4a4f-8e3e-35a8a202d6b7,0,0,(missing PubMedId)
10.17638/03011379,DETERMINANTS OF ANTI-RETROVIRAL THERAPY DRUG-RELATED TOXICITIES IN HIV POSITIVE PATIENTS,MI Danjuma,(missing journal),2017,"Antiretroviral therapy (ART) drugs have increasingly been shown to contribute significantly to the morbidity of HIV positive patients exposed to them. This is more so with increasing survival of HIV patients since the introduction of ART. Individual ART drugs have been associated with specific organ related toxicities and clinical toxicity syndromes, such as Tenofovir disoproxil fumarate (TDF) association with risk of kidney injury. The pattern, pathogenesis, as well as key genetic and non-genetic determinants of some these clinical ART drug-related toxicity syndromes remains uncertain. This thesis sets out to investigate the pattern/clinical/laboratory phenotype of ART drug related kidney toxicity, including the role of emerging biomarkers that define and most accurately diagnose these toxicity syndromes. I, and my co-reviewer (Dr Sudeep Pushpakom, University of Liverpool) then systematically reviewed, and carried out a metanalysis of current evidence with regards to the reported genetic association between TDF exposure, and risk of kidney related toxicity. I further explored a population cohort (MHRA) to ascertain the pattern/clinical phenotype of kidney injury following exposure to TDF in these cohorts of patients, and determine any discernible variation as it relates to what has been reported from clinical trial cohorts. Additionally, I examined the association between single nucleotide polymorphisms (SNPs) of genes encoding protein transporters involved in the bio-disposition of TDF in HIV positive patients, with kidney injury following exposure to ART drugs. Specifically, in an attempt to explore the pattern of kidney injury in HIV patients exposed to TDF in observational databases, I reviewed 407 yellow card records of HIV positive patients on TDF who developed kidney injury and had them reported to MHRA. One hundred and six (106) of these satisfied criteria for TDF related kidney injury, of which 53 (50%) had features of kidney tubular dysfunction (KTD), 35 (33%) were found to have features of glomerular dysfunction, and 18 (17%) had Fanconi syndrome. The median TDF exposure was 316 days (IQR 120-740). The incidence of hospitalisation for TDF kidney adverse effects was high, particularly amongst patients with features of Fanconi syndrome. To define the clinical phenotype (including surrogate markers) of ART drug related kidney injury, I recruited and investigated the diagnostic utility of KIM-1/Cr (corrected for urinary creatinine excretion) in a 114 cross-sectional cohort of HIV positive patients (104 “on” ART, and 10 “off” ART drugs). HIV positive patients both “on” and “off” ART drugs had a higher baseline median (≥4.17ng/mg), upper quartile (≥8.6ng/mg), and urinary KIM-1/Cr levels compared to either non-HIV positive normal volunteers (0.39 ng/mg), or those with acute kidney injury in the general population (0.57 ng/mg). By ROC analysis, KIM-1/Cr (ng/mg) had a higher AUC (0.67) compared to either serum creatinine (0.64) or eGFR (0.31) in diagnosing patients with kidney injury. When median KIM-1/Cr (≥4.17ng/mg) was utilised as a marker of kidney injury, TDF exposure (per year increase) was significantly associated with risk of kidney injury in multivariate analyses (Odds ratio 1.4, CI 1.02-1.82, P = 0.034). In a candidate gene based-based approach, I subsequently investigated the strength of association between the ABCC2 and ABCC10 sub-family genetic polymorphisms, and risk of kidney injury in HIV positive patients exposed to TDF. Patients with KTD had higher current CD4 cell counts, lower eGFR, and were less likely to possess the genotype CC at position 24 of the ABBC2 (MRP2, rs717620) gene. In multivariate analysis, genotype CC at position 24 of the ABBC2 gene (odds ratio =0.05, 95% confidence interval = 0.003-0.7, P = 0.027) was significantly associated with reduced risk of KTD. These findings support the observation that ART dugs are a leading cause of organ specific morbidity including TDF related kidney injury. Furthermore, we have demonstrated higher thresholds of low molecular weight proteinuria (including RBPCR and KIM-1/Cr) following TDF exposure, in HIV positive patients with normal kidney function (normal eGFR). Further work is required in prospective patient populations to validate some of the findings in our study including the potential diagnostic utility of low molecular weight proteinuria (KIM-1 and RBP) in these cohorts of patients. Additionally, there will be need to explore the clinical significance of possession of the ABCC2 24CC (rs717620) and ABCC10 SNP’s in an appropriately defined patient population",4a5a1e3d-6e02-447e-a32f-c8a45f7b10d5,0,25,(missing PubMedId)
(missing DOI),Molecular interactions between NAFLD and xenobiotic metabolism,"A Naik, A Belič, UM Zanger, D Rozman",Frontiers in genetics,2013,"Non-alcoholic fatty liver disease (NAFLD), the hepatic manifestation of the metabolic syndrome, is a complex multifactorial disease characterized by metabolic deregulations that include …",ga_69,0,0,(missing PubMedId)
10.1002/9783527679430.CH6,ABC Transporters Involved in Cholestasis,"Frans J.C. Cuperus, Julien Gautherot, Emina Halilbasic, Thierry Claudel, Michael Trauner",(missing journal),2017,(missing abstract),934af619-294a-4dd3-93ea-40f1d68402c1,0,407,(missing PubMedId)
(missing DOI),Study of atorvastatin cellular transport: from fundamental to translational approaches,E Hoste - 2024 - research.dial.uclouvain.be,(missing journal),(missing year),This thesis investigates the intramuscle atorvastatin (ATV) pharmacokinetics contributing to statin-related myotoxicities and non-adherence to cardiovascular disease treatment. The …,ga_70,0,0,(missing PubMedId)
(missing DOI),Farmacogenética aplicada à terapêutica dos linfomas,Cristiana Mafalda dos Santos Almeida,(missing journal),2015,(missing abstract),152257e4-71e4-45bd-802d-a703c48dd464,0,0,(missing PubMedId)
(missing DOI),Facultad de Medicina y Cirugía,QFBRMR Hernández - 2021 - biomedicina.uabjo.mx,(missing journal),(missing year),"1. RESUMEN El CaCU (cáncer cervicouterino) representa una de las primeras causas de muerte por cáncer en mujeres de todo el mundo, ocupando en México el segundo lugar en …",ga_74,0,0,(missing PubMedId)
(missing DOI),Personalized medicine of targeted anti-cancer drugs,Heinz‐Josef Klümpen,(missing journal),2012,"Medicine is becoming more and more tailored and that certainly applies to therapies for cancer. The researcher has looked at the genetic profile of the individual and the individual variation in exposure to the drug to improve the prevention, diagnosis and treatment of cancer. His field of interest are some molecularly targeted anti-cancer drugs. These drugs, which in recent years have become more important in the treatment of cancer, are often used in a standard dosage. The study shows that there is great variation in exposure to the drug, so treatment is not optimal or that there are serious side effects. Klumpen showed that side effects sometimes predict the efficacy of the drug. The side effects can help determine an individual dose. Furthermore, the researcher studied in two groups of patients (leukemia and kidney cancer) to see if the genetic makeup of the patient affects the absorption and the (in-) activity of anti-cancer drugs. The study shows that there are clues to the basis of the patient's genetic profile to predict side effects. Klumpen also looked at a new branch of the anti-cancer drugs derived from rapamycin. This protein, discovered in lichens on Easter Island, is responsible for cell division. By inhibition of this protein, the cell division, can be inhibited in some cases. He presents the effect of rapamycin inhibitor with which the doctor can tailor treatment to individual patients. He also looks at combination of these inhibitor with other anti-cancer drugs to enhance the effectiveness of treatment with rapamycin inhibitors",10ec25ad-9465-4111-8bd5-7646cef1146a,1,0,(missing PubMedId)
10.14201/GREDOS.83345,Terapia personalizada en la infección por el VIH: aplicación de criterios Farmacocinéticos y Farmacogenéticos,Almudena Sánchez Martín,(missing journal),2011,"[ES] Dividida en cuatro articulos, en el primero de ellos se centra en un trabajo de revision bibliografica que nos acerca al tema a tratar desde lo mas general a lo mas concreto. El segundo articulo consiste en la descripcion de un caso clinico que expone la realidad del tema a investigar. El tercer articulo es un extenso trabajo en el campo de la investigacion del tema a tratar. Por ultimo, el cuarto articulo es un trabajo en el que se intenta aplicar los resultados de la investigacion anterior en la practica clinica.",ebac0b1c-e353-470d-ae40-2da38187d943,1,0,(missing PubMedId)
(missing DOI),Pharmacogenetic studies of antiepileptic drugs,S Grover - 2007 - researchgate.net,(missing journal),(missing year),I declare that the matter embodied in this thesis entitled “Pharmacogenetic Studies of Antiepileptic Drugs” is the result of the investigations carried out by me for the degree of Doctor of …,ga_75,0,0,(missing PubMedId)
10.1007/S40262-020-00913-Y,Population Pharmacokinetic and Pharmacogenetic Analysis of Mitotane in Patients with Adrenocortical Carcinoma : Towards Individualized Dosing,"Anyue Yin, Madeleine H. T. Ettaieb, Jesse J. Swen, Liselotte van Deun, Thomas Kerkhofs, R.J.H.M. van der Straaten, Eleonora P M Corssmit, H. Gelderblom, Michiel N. Kerstens, Richard A. Feelders, Marelise Eekhoff, Henri Timmers, Antonio D’Avolio, Jessica Cusato, Henk‐Jan Guchelaar, Harm R. Haak, Dirk Jan Moes",Clinical Pharmacokinectics,2021,"Mitotane is the only approved treatment for patients with adrenocortical carcinoma (ACC). A better explanation for the variability in the pharmacokinetics (PK) of mitotane, and the optimization and individualization of mitotane treatment, is desirable for patients. This study aims to develop a population PK (PopPK) model to characterize and predict the PK profiles of mitotane in patients with ACC, as well as to explore the effect of genetic variation on mitotane clearance. Ultimately, we aimed to facilitate mitotane dose optimization and individualization for patients with ACC. Mitotane concentration and dosing data were collected retrospectively from the medical records of patients with ACC taking mitotane orally and participating in the Dutch Adrenal Network. PopPK modelling analysis was performed using NONMEM (version 7.4.1). Genotypes of drug enzymes and transporters, patient demographic information, and clinical characteristics were investigated as covariates. Subsequently, simulations were performed for optimizing treatment regimens. A two-compartment model with first-order absorption and elimination best described the PK data of mitotane collected from 48 patients. Lean body weight (LBW) and genotypes of CYP2C19*2 (rs4244285), SLCO1B3 699A>G (rs7311358) and SLCO1B1 571T>C (rs4149057) were found to significantly affect mitotane clearance (CL/F), which decreased the coefficient of variation (CV%) of the random inter-individual variability of CL/F from 67.0 to 43.0%. Fat amount (i.e. body weight − LBW) was found to significantly affect the central distribution volume. Simulation results indicated that determining the starting dose using the developed model is beneficial in terms of shortening the period to reach the therapeutic target and limit the risk of toxicity. A regimen that can effectively maintain mitotane concentration within 14–20 mg/L was established. A two-compartment PopPK model well-characterized mitotane PK profiles in patients with ACC. The CYP2C19 enzyme and SLCO1B1 and SLCO1B3 transporters may play roles in mitotane disposition. The developed model is beneficial in terms of optimizing mitotane treatment schedules and individualizing the initial dose for patients with ACC. Further validation of these findings is still required.",46fb1d83-4489-43f4-a0d5-425591c88e31,11,28,https://pubmed.ncbi.nlm.nih.gov/32607875
(missing DOI),Evaluating Factors Associated with Tenofovir-Related Kidney Injury in HIV-Infected Women,Sanjiv M. Baxi,(missing journal),2016,"Author(s): Baxi, Sanjiv M. | Advisor(s): Reingold, Arthur L | Abstract: Evaluating Factors Associated with Tenofovir-Related Kidney Injury in HIV-Infected WomenbySanjiv M. BaxiDoctor of Philosophy in EpidemiologyUniversity of California, BerkeleyProfessor Arthur L. Reingold, MD, ChairAntiretroviral drugs are used in the treatment of human immunodeficiency virus (HIV) infection, and the global development and availability of such medications has expanded dramatically over the last 15 years. Currently, HIV-infected individuals require lifelong antiretroviral therapy, but if taken as prescribed and relatively early in the course of infection, persons living with HIV can expect to have a virtually normal lifespan. Although antiretroviral drugs are generally well tolerated, some side effects from treatment can be irreversible. Side effects are particularly important in the current HIV treatment paradigm, where individuals will require lifelong antiretroviral therapy. Tenofovir, currently formulated as tenofovir disoproxil fumarate (TDF), is a nucleotide analogue reverse transcriptase inhibitor that is one of the most commonly used medications in the treatment and prevention of HIV infection. Tenofovir has few known side effects overall, but long-term use has been associated with the development of a chronic, irreversible decline in kidney function in a small proportion of individuals. Other than cumulative duration of exposure to tenofovir, little else is known about what factors increase an individual’s risk of developing kidney disease in the setting of chronic tenofovir use. As treatment for HIV infection has expanded in the developing world, with millions of people globally now taking tenofovir-containing products, understanding the factors that lead to a decline in kidney function in such individuals is fundamental to ensuring effective, yet safe, treatment and prevention of HIV. Through this dissertation, I conducted four studies that attempted to improve the understanding of the factors that contribute to tenofovir-associated kidney damage. To test the assumption that the magnitude of exposure to tenofovir (that is, the amount of drug experienced by an individual with a given dose) likely affects an individual’s risk of toxicity, an assumption that is frequently validated in pharmacodynamic studies of pharmacologic agents, I conducted three related studies. All three studies used a highly reliable measure of drug exposure – after taking a witnessed dose of tenofovir, study participants underwent serial blood sampling over 24 hours to draw a comprehensive exposure curve over a single day, yielding an area under the time-concentration curve (AUC) measure. The first study investigated the factors that contribute to elevated tenofovir exposure as measured by AUC. Interestingly, lower body weight, older age, pre-existing chronic kidney disease and simultaneous use of a protease-inhibitor antiretroviral called ritonavir, were all associated with large increases in tenofovir AUC. Taking this information, in the second study, I investigated whether exposure to elevated levels of tenofovir were associated with a decline in kidney function over time. We found that increasing exposure to tenofovir at a fixed point in time is associated with subsequent decline in kidney function, but that this process is heterogeneous, with tremendous variability, particularly in the group with the highest AUC at baseline. In the third study, I attempted to identify whether the presence of distinct single nucleotide polymorphisms was associated with an elevated AUC. We found one polymorphism that was associated with large increases in AUC. This same polymorphism has been implicated in diseases related to transport of other organic anions, particularly the condition of uric acid metabolism called gout. This group of three studies established novel factors, both clinical and genetic, that are associated with an elevated tenofovir AUC and have helped to clarify whether AUC is a predictor of the ultimate development of kidney dysfunction. In a fourth study, as a bridge to a future research program, I investigated the predictors of urinary biomarkers of kidney injury in women living with HIV. We identified distinct patterns of novel urinary biomarkers as a function of the degree of control of HIV through treatment, but these findings will require clarification in a longitudinal cohort study. Given that intensive pharmacokinetic analyses are impractical in the clinical setting, this latter study will provide the basis for understanding what urinary biomarkers can help identify early evidence of a propensity to develop kidney injury in persons living with HIV. All of these studies took place in a cohort of predominantly black and Hispanic women, a group that is typically under-represented in both HIV and pharmacological research. These four studies have improved our understanding of the factors that lead to the development of tenofovir-associated kidney disease in persons living with HIV. The findings have important implications for millions of people currently taking or planning to take tenofovir globally. As my career progresses, these studies have provided a framework that can be applied to studying drug toxicity in other settings or to delving more deeply into understanding the pharmacology of tenofovir and related compounds.",3cfb1e30-a937-4375-9165-06681bb2fba5,0,161,(missing PubMedId)
(missing DOI),Taxanes induced peripheral neuropathy: mechanism of development and pharmacogenetic factors,"L V Shestakova, D. A. Sychev, I V Poddubnaya,  Сычев Дмитрий Алексеевич,  Irina V. Poddubnaya,  Поддубная Ирина Владимировна",Journal of Modern Oncology,2018,For decades taxanes are used as a part of classical schemes for treatment of malignant tumors of various localizations including breast cancer. Peripheral neuropathy is an adverse reaction which impairs both quality of patients’ lives and treatment efficiency. To prevent or reduce the impact of peripheral neuropathy factors contributing to its development and mechanisms that are involved need to be known. This article is a review of the current status of our understanding about the mechanisms underlying the development of taxanes induced peripheral neuropathy.,109899c2-5509-4ca7-8f14-4b7612ab039c,0,0,(missing PubMedId)
(missing DOI),Etude des mécanismes impliqués dans l'hépato-toxicité des médicaments anti-cancéreux: exemples de la trabectedine et des inhibiteurs de tyrosine kinases,M Maillard - 2021 - theses.hal.science,(missing journal),(missing year),Le rôle essentiel du foie dans le métabolisme des médicaments l'expose constamment à des molécules au potentiel hépatotoxique important ou capables d'être biotransformées en …,ga_76,0,0,(missing PubMedId)
(missing DOI),Mycophenolic acid pharmacokinetics and pharmacogenomics in lupus nephritis patients on maintenance immunosuppression,"YHD Yap, S Yung, CH Tam, S Wong…",54th ERA-EDTA …,2017,INTRODUCTION AND AIMS: There is little data on mycophenolic acid (MPA) pharmacokinetics and pharmacogenomics in lupus nephritis (LN) patients on long-term maintenance …,ga_84,0,0,(missing PubMedId)
(missing DOI),MP214 CLINICOPATHOLOGIC CHARACTERISTICS AND OUTCOMES OF MPGN: A RETROSPECTIVE STUDY OF 34 CASES BASED ON NEW CLASSIFICATION,"K Kawashima, S Nishio, K Watanabe…",Nephrology Dialysis …,2017,Abstracts Page 1 not significantly different between IgAN patients progressed and not progressed to kidney failure (12986981 vs 165561505 lM). Serum AOPP levels were significantly …,ga_85,0,0,(missing PubMedId)
(missing DOI),"The association between single nucleotide polymorphisms, including miR-499a genetic variants, and dyslipidemia in subjects treated with pharmacological or …","A Giuliani, A Montesanto, G Matacchione…",International journal of …,2022,Disorders of lipoprotein metabolism are among the major risk factors for cardiovascular disease (CVD) development. Single nucleotide polymorphisms (SNPs) have been associated …,ga_86,0,0,(missing PubMedId)
(missing DOI),Pharmacokinetics and pharmacogenomics of mycophenolic acid and its clinical correlations in maintenance immunosuppression for lupus nephritis,"DYH Yap, CH Tam, S Yung, S Wong…",Nephrology Dialysis …,2020,Background There is little data on mycophenolic acid (MPA) pharmacokinetics and pharmacogenomics and optimal MPA exposure in lupus nephritis (LN) patients during long-term …,ga_90,0,0,(missing PubMedId)
(missing DOI),"Impact of SLCO1B3 rs4149117, CYP2C8 rs11572080, and ABCC2 rs17222723 Polymorphisms on Toxicity and Clinical Outcomes in AC-T Treated Breast Cancer …","MS Millat, MS Islam, MS Islam - 2026 - researchsquare.com",(missing journal),(missing year),"… rs17222723 and treatment non-responsiveness, suggesting that the impact of rs17222723 within … Focusing on toxicity, there is a clear correlation with the ABCC2 rs17222723 variant, as …",ga_91,0,0,(missing PubMedId)
(missing DOI),Mycophenolic acid pharmacokinetics and pharmacogenomics in lupus nephritis patients on maintenance immunosuppression,"YHD Yap, S Yung, CH Tam, S Wong…",54th ERA-EDTA …,2017,INTRODUCTION AND AIMS: There is little data on mycophenolic acid (MPA) pharmacokinetics and pharmacogenomics in lupus nephritis (LN) patients on long-term maintenance …,ga_92,0,0,(missing PubMedId)
(missing DOI),MP214 CLINICOPATHOLOGIC CHARACTERISTICS AND OUTCOMES OF MPGN: A RETROSPECTIVE STUDY OF 34 CASES BASED ON NEW CLASSIFICATION,"K Kawashima, S Nishio, K Watanabe…",Nephrology Dialysis …,2017,Abstracts Page 1 not significantly different between IgAN patients progressed and not progressed to kidney failure (12986981 vs 165561505 lM). Serum AOPP levels were significantly …,ga_93,0,0,(missing PubMedId)
(missing DOI),"The association between single nucleotide polymorphisms, including miR-499a genetic variants, and dyslipidemia in subjects treated with pharmacological or …","A Giuliani, A Montesanto, G Matacchione…",International journal of …,2022,Disorders of lipoprotein metabolism are among the major risk factors for cardiovascular disease (CVD) development. Single nucleotide polymorphisms (SNPs) have been associated …,ga_94,0,0,(missing PubMedId)
(missing DOI),MDR-1 and MRP2 gene polymorphisms in Mexican epileptic pediatric patients with complex partial seizures,"D Escalante-Santiago, IA Feria-Romero…",Frontiers in …,2014,"Although the Pgp efflux transport protein is overexpressed in resected tissue of patients with epilepsy, the presence of polymorphisms in MDR1/ABCB1 and MRP2/ABCC2 in patients …",ga_98,0,0,(missing PubMedId)
(missing DOI),Association of multidrug resistance-associated protein 2 single nucleotide polymorphism rs12762549 with the basal plasma levels of phase II metabolites of …,"K Kato, H Kusuhara, Y Kumagai, I Ieiri…",Pharmacogenetics …,2012,Objectives Multidrug resistance-associated protein 2 (MRP2; ABCC2) is an ATP-binding cassette transporter that mediates the efflux of anionic drugs and phase II metabolites. Our aim …,ga_100,0,0,(missing PubMedId)
(missing DOI),G01. Characterization of 137 Genomic DNA Reference Materials for 27 Pharmacogenetic Genes: A GeT-RM Collaborative Project,"VM Pratt, P Aggarwal, BN Beyer, U Broeckel… - researchgate.net",(missing journal),(missing year),"Methods: To expand the number of characterized PGx variants and genes, 137 Coriell cell lines were selected based on partial genotype characterization from several sources. DNA …",ga_101,0,0,(missing PubMedId)
(missing DOI),Increased susceptibility for intrahepatic cholestasis of pregnancy and contraceptive-induced cholestasis in carriers of the 1331T> C polymorphism in the bile salt …,"Y Meier, T Zodan, C Lang…",World journal of …,2008,AIM: To study the association of three common ABCB11 and ABCC2 polymorphisms (ABCB11: 1331T>C V444A; ABCC2: 3563T>A V1188E and 4544G>A C1515Y) with intrahepatic …,ga_104,0,0,(missing PubMedId)
